INSERT INTO `employee` (`VAT`, `name`, `birth_date`, `street`, `city`, `zip`, `IBAN`, `salary`)
VALUES ('100000', 'Patterson', '1969-12-31', 'P.O. Box 586, 4948 Lobortis. Rd.', 'Puntarenas', '36-367',
        'SU002111042141706401', '2041.111'),
       ('100001', 'Mendoza', '1969-12-31', 'P.O. Box 979, 5065 Sociis Rd.', 'Munger', '8231', 'GH557103648243287913',
        '2691.628'),
       ('100002', 'Hinton', '1969-12-31', '719-2981 Proin Road', 'St. Thomas', '47189', 'UG944382127648067568',
        '2176.594'),
       ('100003', 'Blair', '1969-12-31', '370-1301 Faucibus Rd.', 'Richmond', '6170', 'IG810182489972939647',
        '2578.753'),
       ('100004', 'Reynolds', '1969-12-31', '274-6761 Nulla. Rd.', 'Serampore', '63318', 'RD174138396052014073',
        '2715.146'),
       ('100005', 'Copeland', '1969-12-31', '619-2820 Aliquet St.', 'Schore', 'L0G 2H9', 'IC298322060860592127',
        '2248.271'),
       ('100006', 'Lott', '1969-12-31', '4021 Mauris. Rd.', 'Rouyn-Noranda', '7590', 'FR991423905134796543',
        '2439.376'),
       ('100007', 'Petty', '1969-12-31', 'P.O. Box 228, 4190 Vestibulum Road', 'Terni', '7669', 'WX107249615155862024',
        '2989.635'),
       ('100008', 'Sampson', '1969-12-31', 'Ap #662-4370 Est. Road', 'Baie-Comeau', '71135', 'FW703523844055609228',
        '2267.645'),
       ('100009', 'Roth', '1969-12-31', 'Ap #639-8381 Libero Rd.', 'Spiere', '745177', 'VL589661253821785953',
        '2745.739'),
       ('100010', 'Lee', '1969-12-31', '8132 Natoque Av.', 'Lac La Biche County', '61759', 'UC706252360934490721',
        '2662.295'),
       ('100011', 'Vasquez', '1969-12-31', '111-3676 Non Road', 'Dongelberg', '92383', 'HM095364546414929530',
        '2623.126'),
       ('100012', 'Valencia', '1969-12-31', 'P.O. Box 909, 9370 Ut, St.', 'Bellefontaine', '72122',
        'HN379501507119055343', '2067.525'),
       ('100013', 'Gay', '1969-12-31', '8614 Sed St.', 'Campobasso', '09181-854', 'HK493923101617348916', '2848.055'),
       ('100014', 'Butler', '1969-12-31', '241-9109 Erat Rd.', 'Putignano', '24489', 'VL454428179861223717',
        '2736.597'),
       ('100015', 'White', '1969-12-31', '4882 Arcu. Rd.', 'Ladispoli', '64493', 'LZ656091795225683550', '2764.572'),
       ('100016', 'Talley', '1969-12-31', '9816 Mauris Rd.', 'Lonquimay', 'L6Y 7G9', 'JL952375321785401808',
        '2223.829'),
       ('100017', 'Mathis', '1969-12-31', 'P.O. Box 336, 8419 Montes, Rd.', 'Montigny-le-Tilleul', '88440',
        'AV770906078158248372', '1852.238'),
       ('100018', 'Byrd', '1969-12-31', '452-1445 Mi Av.', 'Castel del Giudice', '60-362', 'ZH571228562568547906',
        '2675.201'),
       ('100019', 'Reese', '1969-12-31', '791-7799 Donec Ave', 'Wardha', 'E8V 2EH', 'SA511951147708675872', '2650.946'),
       ('100020', 'Adkins', '1969-12-31', 'P.O. Box 623, 3806 Elit. Road', 'Gillette', '72768', 'DU858746126349763664',
        '2866.442'),
       ('100021', 'Riggs', '1969-12-31', '111-2059 Enim, Street', 'Vallepietra', '43504', 'VE809952767328980228',
        '2458.781'),
       ('100022', 'Glover', '1969-12-31', '2616 Magna. Rd.', 'Noisy-le-Grand', '02812', 'ZY383352234505757444',
        '2789.569'),
       ('100023', 'Terrell', '1969-12-31', 'Ap #615-8304 Diam Street', 'Grand Rapids', '7965', 'OB419033811283537911',
        '2762.142'),
       ('100024', 'Dillard', '1969-12-31', 'P.O. Box 510, 6280 Cras Road', 'Fontanafredda', '6278',
        'WB296503347572197112', '2155.776'),
       ('100025', 'Fisher', '1969-12-31', '594-160 Pede, St.', 'Coalville', '387153', 'AK954483283767475084',
        '2747.578'),
       ('100026', 'Watson', '1969-12-31', 'P.O. Box 971, 2434 Dui, Rd.', 'Ancud', '51330-708', 'LK100049214400534469',
        '2564.036'),
       ('100027', 'Maldonado', '1969-12-31', '4224 Duis Street', 'Santa María', '19242', 'UP870005888503501155',
        '2872.548'),
       ('100028', 'Joyner', '1969-12-31', '1081 Vitae, Rd.', 'Fredericton', '9128 CU', 'VX267161725394227156',
        '2466.813'),
       ('100029', 'Rice', '1969-12-31', '9951 Accumsan St.', 'Berloz', '05422', 'RY152125193186412126', '2680.885'),
       ('100030', 'Miranda', '1969-12-31', '7726 Leo. Road', 'Viransehir', '946138', 'ZH912448521446887213',
        '2541.184'),
       ('100031', 'Stone', '1969-12-31', '936-5949 Suspendisse Street', 'Clearwater Municipal District', 'QI34 9KU',
        'IT021578012883548627', '2896.892'),
       ('100032', 'Cherry', '1969-12-31', 'P.O. Box 268, 2793 Nec, Road', 'Palencia', '980227', 'EI239994870042630298',
        '2502.681'),
       ('100033', 'Gomez', '1969-12-31', '395-3579 Malesuada Ave', 'Fort Smith', '77-363', 'LP281161049426377015',
        '2839.138'),
       ('100034', 'Booker', '1969-12-31', 'P.O. Box 889, 2016 Sed Street', 'Valenciennes', '207900',
        'OH984966123225838576', '2048.506'),
       ('100035', 'Espinoza', '1969-12-31', '898-8893 Sagittis Rd.', 'Livo', 'R7K 7H8', 'QT449917995485093039',
        '2415.42'),
       ('100036', 'Rose', '1969-12-31', 'Ap #740-5041 Vivamus Road', 'Burhaniye', '0852 DL', 'AD403249748730911831',
        '2660.986'),
       ('100037', 'Vaughan', '1969-12-31', 'P.O. Box 310, 3406 Malesuada Avenue', 'Palma de Mallorca', '23301',
        'VC939877263371762326', '2685.361'),
       ('100038', 'Nieves', '1969-12-31', 'P.O. Box 694, 5786 A Avenue', 'Nalinnes', '53370', 'OX258097902923333897',
        '2709.742'),
       ('100039', 'Simon', '1969-12-31', 'P.O. Box 992, 5184 Luctus Ave', 'Eastbourne', '30781', 'EQ548695029374673983',
        '2222.731'),
       ('100040', 'Booker', '1969-12-31', '411-5510 Tellus Rd.', 'Ajaccio', '8831 YR', 'EX744575511062132377',
        '2309.522'),
       ('100041', 'Frank', '1969-12-31', 'Ap #222-2773 Nisi Ave', 'Springdale', '79878', 'SP190427929370658891',
        '2499.244'),
       ('100042', 'Powell', '1969-12-31', '773-7267 Enim. Rd.', 'Saint-Remy', 'Y9H 7E1', 'IQ334671105648821128',
        '2211.199'),
       ('100043', 'Whitehead', '1969-12-31', 'Ap #429-3839 Nonummy Rd.', 'Windsor', '687392', 'XU697858937973959629',
        '2306.406'),
       ('100044', 'Burch', '1969-12-31', '5542 Vitae St.', 'Mantova', '246883', 'IL813497812110419803', '2647.972'),
       ('100045', 'Parsons', '1969-12-31', 'Ap #795-8291 Mi Road', 'Gelbressee', '39649', 'HQ127951765758931663',
        '2569.214'),
       ('100046', 'Dominguez', '1969-12-31', 'Ap #557-914 Ac Road', 'Candidoni', '25-514', 'WE567392739397320845',
        '2298.354'),
       ('100047', 'Lane', '1969-12-31', '896-7029 Primis Avenue', 'Broken Arrow', '1052 MV', 'XP554134932360307032',
        '2393.698'),
       ('100048', 'Wall', '1969-12-31', 'P.O. Box 408, 4433 Lobortis Avenue', 'Saguenay', '262012',
        'QM582829199107394882', '2627.437'),
       ('100049', 'Alvarado', '1969-12-31', '501-5841 Tempor St.', 'Montigny-le-Tilleul', '342491',
        'FG613579330661256078', '2654.09'),
       ('100050', 'Haney', '1969-12-31', '7500 Nec St.', 'New Glasgow', '397704', 'KZ480707019300627675', '2759.523'),
       ('100051', 'Patel', '1969-12-31', '121-2671 Id, Ave', 'Oudenaken', '294563', 'ZJ001404340008116331', '2685.325'),
       ('100052', 'Ross', '1969-12-31', 'Ap #753-5730 Ut St.', 'Asnières-sur-Seine', '8875', 'VF724978151715291219',
        '2892.555'),
       ('100053', 'Sparks', '1969-12-31', '235-4609 Pede Street', 'Mattersburg', '252245', 'MU717452845779598745',
        '1838.077'),
       ('100054', 'Carlson', '1969-12-31', 'Ap #203-5582 Phasellus Avenue', 'Bon Accord', '5935',
        'TI924383674991479075', '2434.492'),
       ('100055', 'Cannon', '1969-12-31', '669-7578 A, Avenue', 'Houtvenne', '38540', 'BS963539468642662342',
        '1881.93'),
       ('100056', 'Francis', '1969-12-31', '6455 Fermentum Av.', 'Penhold', '17324', 'PC002476485905195741',
        '2224.646'),
       ('100057', 'Wilson', '1969-12-31', 'Ap #884-7479 In Avenue', 'Saint-Remy', '490498', 'HH444475459212439537',
        '2443.428'),
       ('100058', 'Blackwell', '1969-12-31', 'Ap #880-9047 Imperdiet Street', 'Cambiago', '66111',
        'EC041314941084238466', '2691.229'),
       ('100059', 'Perkins', '1969-12-31', '1301 A Street', 'Vaulx-lez-Chimay', '006349', 'QM435320217393069393',
        '2158.714'),
       ('100060', 'Mcclure', '1969-12-31', '860-4286 Pellentesque. St.', 'Herstal', '40848', 'UZ901456427268689716',
        '2299.47'),
       ('100061', 'Dale', '1969-12-31', '7703 Massa. Road', 'Heist-op-den-Berg', '15499-206', 'KZ936960243343417236',
        '2417.648'),
       ('100062', 'Galloway', '1969-12-31', 'Ap #690-1220 Eu, Avenue', 'Falisolle', '16996', 'CF675209205266333065',
        '2465.085'),
       ('100063', 'Sawyer', '1969-12-31', '141 Nec, Rd.', 'Colmar', '85416', 'OK269793344053263769', '2610.887'),
       ('100064', 'Donovan', '1969-12-31', '722-2803 Ut Road', 'Schwalbach', '34604', 'TT521223025161159308',
        '2760.729'),
       ('100065', 'Sherman', '1969-12-31', '520-9646 Rutrum Avenue', 'Shaki', '42948-431', 'VP294620986715917765',
        '2827.549'),
       ('100066', 'Juarez', '1969-12-31', '6909 Erat St.', 'Emines', '3758', 'ZZ432992574324221055', '2612.704'),
       ('100067', 'Woods', '1969-12-31', 'Ap #780-5811 Vel St.', 'Colchester', '4899 WB', 'CJ440886713720708217',
        '2949.106'),
       ('100068', 'Bauer', '1969-12-31', 'Ap #915-885 Eget Ave', 'Milmort', '61362', 'MN736055423086523467',
        '2008.186'),
       ('100069', 'Mclean', '1969-12-31', 'Ap #700-867 Dictum Av.', 'Ofena', '83-255', 'IZ664087660390902815',
        '2649.61'),
       ('100070', 'Fox', '1969-12-31', '1523 Dictum Ave', 'Rajkot', '551873', 'JA864256019137485853', '2475.795'),
       ('100071', 'Reynolds', '1969-12-31', '737-4299 At, Street', 'Pau', '00685-823', 'UF697309488789686909',
        '2274.228'),
       ('100072', 'Dickson', '1969-12-31', 'Ap #149-7364 Tempus St.', 'King Township', '7606 TL',
        'QD096100894376339355', '2355.748'),
       ('100073', 'Johns', '1969-12-31', 'P.O. Box 445, 5877 Nunc Avenue', 'Amqui', '33-849', 'VS923772590511345419',
        '2290.17'),
       ('100074', 'Berg', '1969-12-31', '320-8842 Magna Ave', 'Firozabad', '31308', 'IW800210237949937888', '2328.742'),
       ('100075', 'Mcneil', '1969-12-31', '2247 Velit. Ave', 'Wierde', '7200 PU', 'JL289931997763353915', '1965.84'),
       ('100076', 'Odom', '1969-12-31', 'Ap #712-8748 Ac Ave', 'Dorgali', '17114', 'NT904829820885520026', '2569.061'),
       ('100077', 'Hawkins', '1969-12-31', 'Ap #541-1438 Vivamus Rd.', 'Junagadh', '55836', 'TL585086322798906728',
        '2365.715'),
       ('100078', 'Gaines', '1969-12-31', '3781 Risus. Rd.', 'Lautaro', '847340', 'MZ578665391697225415', '2781.33'),
       ('100079', 'Hill', '1969-12-31', '644 Molestie Ave', 'Pretoro', '6801', 'ZT051061261295450312', '2264.161'),
       ('100080', 'Blanchard', '1969-12-31', '109-9613 Fringilla Avenue', 'Märsta', '21-538', 'UM207105061714092001',
        '2239.319'),
       ('100081', 'Thompson', '1969-12-31', '6531 Ultricies St.', 'Moradabad', 'E8S 5V1', 'RL080351461609641663',
        '2333.943'),
       ('100082', 'Hull', '1969-12-31', '8848 Hymenaeos. Road', 'Negrete', '7711 LH', 'BR890557590180496150',
        '2292.832'),
       ('100083', 'Becker', '1969-12-31', '774-6057 Ac Avenue', 'Kingussie', '79225', 'SW944152525062283061',
        '2583.673'),
       ('100084', 'Joyce', '1969-12-31', 'Ap #954-8526 Ut Av.', 'Cassaro', '1135 EP', 'HI533127853540186011',
        '2684.912'),
       ('100085', 'Reynolds', '1969-12-31', '414-3391 Vehicula. Road', 'Chiny', '6992 RR', 'ZD050173006842738477',
        '3072.903'),
       ('100086', 'Johns', '1969-12-31', 'Ap #323-4968 Praesent Road', 'Essene', '63953', 'DG294314349433222664',
        '2629.729'),
       ('100087', 'Stephens', '1969-12-31', 'P.O. Box 983, 6931 Massa St.', 'Baunatal', '15534', 'WK664808210253101698',
        '2488.061'),
       ('100088', 'Contreras', '1969-12-31', 'P.O. Box 404, 8130 Gravida Rd.', 'Warangal', '38661',
        'RC315141865300575864', '2804.414'),
       ('100089', 'Bradley', '1969-12-31', '1195 Non, St.', 'Marchihue', '50397', 'NS019430993442628167', '2406.04'),
       ('100090', 'Blankenship', '1969-12-31', 'P.O. Box 890, 8417 Lectus. St.', 'Saint-Étienne-du-Rouvray',
        '19315-861', 'UY000969025677004030', '2496.273'),
       ('100091', 'Atkins', '1969-12-31', 'P.O. Box 907, 2630 Non, St.', 'Krems an der Donau', '4045',
        'DM381487551201279173', '2866.524'),
       ('100092', 'Parsons', '1969-12-31', '1385 Gravida Rd.', 'Aklavik', '36055', 'AU685849244662781162', '2292.135'),
       ('100093', 'Paul', '1969-12-31', '898-583 Odio Av.', 'Chantemelle', '4712', 'IC820694834209141665', '2332.402'),
       ('100094', 'Burch', '1969-12-31', 'Ap #551-2666 Vitae, Av.', 'Middelkerke', 'X0X 7P7', 'DW286269586398743344',
        '2654.439'),
       ('100095', 'Paul', '1969-12-31', '1466 Phasellus Rd.', 'Dipignano', '78588', 'EZ960310762235685929', '2580.361'),
       ('100096', 'French', '1969-12-31', '9479 Quisque Ave', 'Fairbanks', '0779', 'IL365704411309533056', '2457.97'),
       ('100097', 'Powers', '1969-12-31', 'Ap #302-7527 Dictum Street', 'Canterbury', '50305-778',
        'CU278930517991226525', '2901.042'),
       ('100098', 'Brooks', '1969-12-31', 'Ap #443-5584 Augue Rd.', 'Bolzano/Bozen', '9705', 'TV859831928920866089',
        '2407.25'),
       ('100099', 'Sullivan', '1969-12-31', '613-7652 Egestas. Av.', 'Burntisland', '4025', 'EJ271855178796802059',
        '2203.932'),
       ('100100', 'Jane Sweettoth', '1962-12-31', '613-7652 Egestas. Av.', 'Drohiczyn', '4025', 'EJ271855178796802455',
        '2203.932');
INSERT INTO `nurse` (`VAT`)
VALUES ('100050'),
       ('100051'),
       ('100052'),
       ('100053'),
       ('100054'),
       ('100055'),
       ('100056'),
       ('100057'),
       ('100058'),
       ('100059'),
       ('100060'),
       ('100061'),
       ('100062'),
       ('100063'),
       ('100064'),
       ('100065'),
       ('100066'),
       ('100067'),
       ('100068'),
       ('100069'),
       ('100070'),
       ('100071'),
       ('100072'),
       ('100073'),
       ('100074');
INSERT INTO `receptionist` (`VAT`)
VALUES ('100075'),
       ('100076'),
       ('100077'),
       ('100078'),
       ('100079'),
       ('100080'),
       ('100081'),
       ('100082'),
       ('100083'),
       ('100084'),
       ('100085'),
       ('100086'),
       ('100087'),
       ('100088'),
       ('100089'),
       ('100090'),
       ('100091'),
       ('100092'),
       ('100093'),
       ('100094');
INSERT INTO `client` (`VAT`, `name`, `birth_date`, `street`, `city`, `zip`, `gender`, `age`)
VALUES ('200000', 'Holden', '1932-05-14', '3920 Dui Rd.', 'San Miguel', '99929', '', 40),
       ('200001', 'Wright', '1938-05-17', 'P.O. Box 226, 8811 Dolor. St.', 'Nandyal', '80645', 'man', 41),
       ('200002', 'Carroll', '1992-07-26', '848 Est Avenue', 'Hudson s Hope', '09-237', 'man', 56),
       ('200003', 'Hall', '2014-07-16', '757-306 A, Rd.', 'Ananindeua', '0060 QG', 'man', 41),
       ('200004', 'Rosales', '1982-12-30', '667-3134 Turpis Road', 'Vigo', '6366', 'man', 46),
       ('200005', 'Simpson', '2007-08-25', '389-6072 Ligula. Avenue', 'Miramichi', 'J68 5BA', 'man', 32),
       ('200006', 'Malone', '1999-10-08', 'P.O. Box 237, 5458 Et Ave', 'Alessandria', '48185', '', 36),
       ('200007', 'Puckett', '1985-03-24', 'Ap #599-9611 Sem. St.', 'Bhopal', '52392', '', 28),
       ('200008', 'Franklin', '1972-09-16', 'P.O. Box 124, 6888 Elit, Rd.', 'Villach', '19929', '', 29),
       ('200009', 'Klein', '1944-01-23', '1755 Nunc. Avenue', 'Osnabrück', '70702', '', 53),
       ('200010', 'Clarke', '2016-06-07', 'Ap #623-1979 Blandit. Avenue', 'Gouda', '121115', 'man', 61),
       ('200011', 'Cooper', '1952-07-02', '3284 Semper St.', 'Rio Verde', '51116', '', 37),
       ('200012', 'Hood', '1966-09-12', 'P.O. Box 983, 251 Eu Avenue', 'Bharatpur', '08139-122', '', 50),
       ('200013', 'Bryant', '1920-04-23', 'Ap #172-1424 Est, Rd.', 'Oderzo', '10714', '', 23),
       ('200014', 'Simpson', '1985-09-22', '706-7080 Donec St.', 'Molfetta', '6226', 'man', 32),
       ('200015', 'Madden', '1986-09-07', '8517 Eu Avenue', 'Drumheller', '62346', 'man', 31),
       ('200016', 'Salazar', '1925-02-02', 'Ap #158-5107 Nibh. Street', 'Pitrufquén', '3310', 'man', 33),
       ('200017', 'Alford', '2006-12-08', 'P.O. Box 367, 9921 Curabitur R', 'Medea', '46028', '', 57),
       ('200018', 'Mcintosh', '1991-10-30', '141-4289 Ante Rd.', 'Combarbalá', '72716-624', 'man', 22),
       ('200019', 'Benson', '1928-05-02', '950-7021 Faucibus. St.', 'La Magdeleine', '71612', '', 65),
       ('200020', 'Woodard', '1989-04-26', '1984 Blandit. Avenue', 'Stokkem', '2836', '', 38),
       ('200021', 'Rojas', '1954-11-07', '944-1122 Iaculis St.', 'Nevers', '481782', 'man', 49),
       ('200022', 'Fulton', '1983-10-15', 'P.O. Box 289, 7882 Tincidunt S', 'Luttre', '97952-215', '', 29),
       ('200023', 'Hood', '1991-07-19', '9053 Ut St.', 'Dalkeith', '951374', 'man', 39),
       ('200024', 'Burch', '1939-09-15', 'Ap #339-6572 Scelerisque Stree', 'Enna', '6919 SO', '', 43),
       ('200025', 'Richard', '2001-11-21', 'Ap #144-8079 Sed Avenue', 'Lota', '78930', 'man', 43),
       ('200026', 'Perez', '1936-06-28', '4493 Rutrum, Rd.', 'Namen', '8362', '', 48),
       ('200027', 'Estes', '1961-02-17', '811-1073 Tellus Rd.', 'Sanzeno', '52359', '', 48),
       ('200028', 'Harris', '1951-05-12', '4927 Nam Avenue', 'Ludhiana', '52-305', '', 34),
       ('200029', 'Estrada', '2015-06-01', '456-3454 Sed Rd.', 'Bertiolo', '72438-902', 'man', 43),
       ('200030', 'Boyle', '1910-06-17', '7714 Felis St.', 'Wichita', '388045', 'man', 35),
       ('200031', 'Golden', '1925-05-27', 'Ap #116-2964 Nulla Ave', 'Tallahassee', '61217', '', 46),
       ('200032', 'Byrd', '2013-11-14', '5586 Ullamcorper, Rd.', 'Elx', '444351', '', 40),
       ('200033', 'Mcfadden', '1961-06-07', 'P.O. Box 113, 8533 In Ave', 'Alsemberg', 'T27 9TB', '', 45),
       ('200034', 'Munoz', '2015-01-13', '9623 Donec Street', 'Rocca Santo Stefano', '3459', 'man', 43),
       ('200035', 'Frye', '1937-05-29', 'Ap #951-5903 Dui Rd.', 'Baiso', '10906', 'man', 31),
       ('200036', 'Avery', '1956-04-12', '134-103 Elit. Rd.', 'Matamata', '27652', 'man', 19),
       ('200037', 'Levy', '1975-06-19', 'P.O. Box 273, 7649 A, St.', 'Mangalore', '5458', '', 59),
       ('200038', 'Molina', '1981-05-03', '506-5693 Non, Av.', 'Ruthin', '37764', 'man', 22),
       ('200039', 'Prince', '1987-10-08', '596-2686 Dignissim Street', 'Pangnirtung', '31345', '', 50),
       ('200040', 'Meyers', '1909-01-28', 'Ap #927-1751 Rutrum. Rd.', 'Gagliano del Capo', '7719', 'man', 44),
       ('200041', 'Parks', '1945-04-12', '3374 Nibh St.', 'Okotoks', '763196', 'man', 33),
       ('200042', 'Bailey', '1945-06-30', 'P.O. Box 297, 2543 Vel, St.', 'Maria', '10802', '', 36),
       ('200043', 'Ramos', '1928-02-09', 'Ap #802-8160 Id, Street', 'Lauco', '312529', 'man', 55),
       ('200044', 'Mcneil', '1906-08-01', 'P.O. Box 614, 8277 Dignissim.', 'Tomé', '00090', 'man', 32),
       ('200045', 'Foreman', '1999-01-23', 'P.O. Box 369, 1634 Egestas Rd.', 'Red Deer', '1425 BS', 'man', 37),
       ('200046', 'Mcknight', '2000-03-05', '489-310 Dolor. Rd.', 'Saint-Georges', '06186', '', 47),
       ('200047', 'Mckay', '2008-02-24', '3787 Sem. Av.', 'Sint-Niklaas', '41315', 'man', 25),
       ('200048', 'Swanson', '1933-05-02', 'P.O. Box 612, 4791 At Rd.', 'Renfrew', '12777', '', 45),
       ('200049', 'Albert', '2018-09-22', '497-7082 Nascetur Av.', 'Mantova', '50802', '', 41),
       ('200050', 'Stein', '1964-12-02', 'P.O. Box 470, 5227 Ullamcorper', 'Houthalen', '11-597', '', 18),
       ('200051', 'King', '2017-05-26', 'Ap #461-4222 Nunc Rd.', 'Tiarno di Sopra', '705663', 'man', 53),
       ('200052', 'Whitaker', '1940-12-25', 'Ap #326-5227 Lorem. St.', 'Cerignola', '93689-345', 'man', 26),
       ('200053', 'Phelps', '1950-11-11', 'Ap #562-7681 Mi Ave', 'Bellegem', '4552', '', 36),
       ('200054', 'Baird', '1962-05-27', '7045 Placerat Ave', 'Lecce', '48981', '', 34),
       ('200055', 'Madden', '1947-03-09', 'P.O. Box 244, 9645 Blandit Rd.', 'San Gregorio', 'Y0 5CG', 'man', 35),
       ('200056', 'Singleton', '1961-07-13', 'P.O. Box 138, 6732 Cum Street', 'Harlech', '3840', '', 52),
       ('200057', 'Lott', '2013-03-30', '164-6007 Natoque St.', 'Orvieto', '072884', '', 26),
       ('200058', 'Daniel', '1943-05-25', 'P.O. Box 964, 2316 Amet Street', 'Cedar Rapids', '40803', '', 34),
       ('200059', 'Hale', '1916-05-16', 'Ap #438-2456 Dictum. St.', 'Delitzsch', '94062-825', '', 47),
       ('200060', 'Morrow', '1937-02-26', 'Ap #931-1150 Commodo Av.', 'Paulatuk', '25098', '', 37),
       ('200061', 'Alvarado', '1927-05-30', '204-1958 Dui St.', 'Tirupati', '150067', '', 45),
       ('200062', 'Bartlett', '1954-04-21', '337-4693 Ante Road', 'Cesmme', '6687 NV', 'man', 34),
       ('200063', 'Wood', '1996-07-07', 'P.O. Box 629, 7772 Eu, Av.', 'Juiz de Fora', '553500', '', 27),
       ('200064', 'Sanford', '1963-09-03', 'Ap #597-2257 Dignissim St.', 'Francavilla', '861910', 'man', 51),
       ('200065', 'Weber', '1941-09-30', '1269 Nibh. Av.', 'Manoppello', '88139', 'man', 43),
       ('200066', 'Shelton', '2008-11-10', 'P.O. Box 812, 5524 Class St.', 'Warszawa', '74136', 'man', 28),
       ('200067', 'Bruce', '1931-09-22', 'P.O. Box 163, 6469 Facilisi. A', 'Montemesola', '54427', 'man', 18),
       ('200068', 'Strickland', '1920-02-29', 'P.O. Box 731, 5161 Aliquet Ave', 'Klemskerke', '44004', '', 54),
       ('200069', 'Kirkland', '1979-04-12', 'P.O. Box 975, 4623 Interdum. R', 'Tramatza', '87898', 'man', 29),
       ('200070', 'Rowe', '2010-03-02', '6611 Iaculis Avenue', 'Castel Ritaldi', '11525', '', 38),
       ('200071', 'Potter', '1920-05-11', '6500 Tincidunt St.', 'Nova Iguaçu', '03637-260', 'man', 44),
       ('200072', 'Glass', '1985-06-14', 'Ap #756-7320 Risus St.', 'Hanret', '23708', '', 36),
       ('200073', 'Oliver', '1923-07-21', 'P.O. Box 826, 9107 Parturient', 'Sanzeno', '40-614', 'man', 57),
       ('200074', 'Douglas', '2010-06-28', '9800 Hendrerit Rd.', 'Lower Hutt', '94109', 'man', 35),
       ('200075', 'Rice', '2003-12-03', 'P.O. Box 845, 1950 Augue Rd.', 'Zwettl-Niederösterreich', '5768', '', 48),
       ('200076', 'Salinas', '2003-06-23', 'P.O. Box 501, 1217 Etiam Avenu', 'Sefro', '7779', '', 46),
       ('200077', 'Anderson', '1938-03-13', '2887 Vitae Ave', 'Herstal', '61124', '', 52),
       ('200078', 'Reid', '1953-05-11', 'P.O. Box 790, 9514 Eu Road', 'Oberhausen', '35520', '', 47),
       ('200079', 'Harrington', '1960-11-06', '4473 Fusce Ave', 'O Higgins', '71062-944', '', 43),
       ('200080', 'Sanders', '2010-11-21', '8671 Est Ave', 'Lathuy', '58762', 'man', 40),
       ('200081', 'Mitchell', '1937-09-04', '355-2887 Non Rd.', 'Merchtem', '748002', '', 47),
       ('200082', 'Bonner', '1974-04-24', 'P.O. Box 759, 635 Sed Rd.', 'Chartres', '495539', 'man', 48),
       ('200083', 'Camacho', '2009-03-26', '1626 Adipiscing St.', 'Sinaai-Waas', '6687', '', 52),
       ('200084', 'Gould', '2017-11-29', '9277 Fusce Rd.', 'Shipshaw', '14420', '', 49),
       ('200085', 'Kemp', '1944-11-28', '791-4797 Urna. Road', 'San Demetrio Corone', '60800', 'man', 36),
       ('200086', 'Carney', '1959-09-10', '529-731 Lectus Rd.', 'Colwood', 'X6P 6N7', '', 32),
       ('200087', 'Vaughan', '1947-12-25', 'P.O. Box 668, 4884 Luctus Rd.', 'Cerrillos', 'AM2H 6CC', '', 44),
       ('200088', 'Serrano', '1939-12-11', 'P.O. Box 366, 7048 Ornare St.', 'Püttlingen', '292449', 'man', 46),
       ('200089', 'Franklin', '1909-06-02', 'Ap #449-5961 Magna. Av.', 'Sauris', '46048', 'man', 22),
       ('200090', 'Horn', '1912-04-17', 'Ap #526-3905 Non Street', 'Richmond', '68485', '', 31),
       ('200091', 'Gray', '1998-05-30', 'Ap #646-3829 Et, Av.', 'Warren', '407684', '', 60),
       ('200092', 'Morales', '1989-04-16', '7469 Nascetur Rd.', 'Ahmedabad', '8143', '', 44),
       ('200093', 'Aguirre', '1913-12-29', '443-2890 Arcu. Street', 'Gap', '49900', '', 42),
       ('200094', 'Gomez', '1905-12-24', '7578 Neque St.', 'Nethen', '50247', '', 60),
       ('200095', 'Ellis', '1949-03-17', '907-6068 Ac Rd.', 'Barrackpur', '7424', '', 50),
       ('200096', 'Mercado', '2012-11-18', 'Ap #482-8390 A, Street', 'Sierning', '70318', 'man', 51),
       ('200097', 'Patterson', '2000-11-09', '8306 Risus. Av.', 'Rocca d Arce', '2549', 'man', 38),
       ('200098', 'Rodriquez', '1945-02-02', 'P.O. Box 420, 1591 Urna Rd.', 'Sete Lagoas', '97556', 'man', 43),
       ('200099', 'Hunt', '1919-03-09', '678-7935 Lobortis Rd.', 'Ravensburg', '22393', 'man', 22),
       ('200100', 'Hunter James', '1999-03-09', '678-7935 Lobortis Rd.', 'Ravensburg', '22393', 'man', 22);

INSERT INTO phone_number_employee (VAT, phone)
VALUES (100000, 783827758),
       (100000, 783827734),
       (100001, 733834758),
       (100002, 733834759),
       (100087, 7332834759),
       (100087, 7432834759);
INSERT INTO phone_number_client (VAT, phone)
VALUES (200000, 883827758),
       (200000, 883827734),
       (200001, 833834758),
       (200002, 833834759),
       (200087, 8332834759),
       (200087, 8432834759);
INSERT INTO `doctor` (`VAT`, `specialization`, `biography`, `email`)
VALUES ('100000', 'Ophthalmologist',
        'eu, accumsan sed, facilisis vitae, orci. Phasellus dapibus quam quis diam. Pellentesque habitant morbi tristique senectus et netus et malesuada',
        'pede@nequeetnunc.ca'),
       ('100001', 'Anesthesiologist', 'vehicula aliquet libero. Integer in magna.', 'placerat.orci@eu.net'),
       ('100002', 'Ophthalmologist',
        'eget nisi dictum augue malesuada malesuada. Integer id magna et ipsum cursus vestibulum. Mauris magna.',
        'per.inceptos@Phasellusdolor.ca'),
       ('100003', 'Anesthesiologist',
        'vulputate dui, nec tempus mauris erat eget ipsum. Suspendisse sagittis. Nullam vitae diam.',
        'egestas.blandit.Nam@molestiete'),
       ('100004', 'Anesthesiologist',
        'sem. Nulla interdum. Curabitur dictum. Phasellus in felis. Nulla tempor augue ac ipsum. Phasellus vitae mauris sit amet',
        'elit@vitaeposuereat.org'),
       ('100005', ' Neurologist', 'Donec tincidunt. Donec vitae', 'et.ultrices@non.com'),
       ('100006', 'Dentist', 'Vivamus non lorem vitae odio sagittis semper. Nam tempor diam dictum sapien.',
        'erat.volutpat.Nulla@urnasuscip'),
       ('100007', 'Ophthalmologist', 'sed pede nec ante blandit viverra. Donec', 'parturient.montes@Sed.org'),
       ('100008', 'Ophthalmologist',
        'eu arcu. Morbi sit amet massa. Quisque porttitor eros nec tellus. Nunc lectus pede, ultrices a, auctor',
        'neque@fermentum.ca'),
       ('100009', 'Dentist', 'a odio semper cursus. Integer mollis. Integer tincidunt aliquam arcu.',
        'Nunc@Integermollis.edu'),
       ('100010', 'Anesthesiologist',
        'molestie dapibus ligula. Aliquam erat volutpat. Nulla dignissim. Maecenas ornare egestas ligula. Nullam feugiat placerat velit. Quisque varius. Nam porttitor',
        'nunc@dolordapibusgravida.com'),
       ('100011', 'Dentist', 'imperdiet, erat nonummy ultricies ornare, elit elit fermentum risus,',
        'Donec@Phasellus.ca'),
       ('100012', 'Dentist', 'interdum. Nunc', 'Nulla@laoreetposuere.com'),
       ('100013', 'Pulmonologist', 'mauris, aliquam eu, accumsan sed, facilisis', 'Pellentesque.habitant.morbi@fa'),
       ('100014', 'Anesthesiologist',
        'Aliquam tincidunt, nunc ac mattis ornare, lectus ante dictum mi, ac mattis velit justo nec ante. Maecenas',
        'lorem@ut.net'),
       ('100015', 'Pulmonologist', 'mauris elit, dictum eu, eleifend', 'Sed.nec.metus@enimSed.co.uk'),
       ('100016', 'Podiatrist',
        'accumsan neque et nunc. Quisque ornare tortor at risus. Nunc ac sem ut dolor dapibus gravida.',
        'Nullam.nisl.Maecenas@Quisqueim'),
       ('100017', 'Pulmonologist', 'massa. Vestibulum accumsan', 'varius.ultrices@sollicitudinam'),
       ('100018', 'Podiatrist', 'at pretium aliquet, metus urna convallis erat, eget tincidunt dui augue',
        'tempus.scelerisque@doloregesta'),
       ('100019', 'Dentist', 'urna, nec luctus felis purus ac tellus. Suspendisse sed dolor. Fusce mi',
        'Proin.nisl.sem@pharetrafeliseg'),
       ('100020', 'Podiatrist', 'est.', 'accumsan.sed.facilisis@nislMae'),
       ('100021', 'Dentist',
        'vitae odio sagittis semper. Nam tempor diam dictum sapien. Aenean massa. Integer vitae nibh. Donec',
        'lorem@varius.net'),
       ('100022', 'Pulmonologist',
        'eget, dictum placerat, augue. Sed molestie. Sed id risus quis diam luctus lobortis. Class',
        'nibh.lacinia.orci@Duisacarcu.e'),
       ('100023', 'Anesthesiologist', 'nisi dictum augue malesuada malesuada. Integer id',
        'consectetuer.ipsum@malesuada.c'),
       ('100024', 'Pulmonologist',
        'cursus et, magna. Praesent interdum ligula eu enim. Etiam imperdiet dictum magna. Ut tincidunt orci quis lectus.',
        'nulla.vulputate@ametfaucibusut'),
       ('100025', 'Anesthesiologist',
        'elementum sem, vitae aliquam eros turpis non enim. Mauris quis turpis vitae purus',
        'neque.tellus@Proin.co.uk'),
       ('100026', 'Emergency Physician',
        'Nunc quis arcu vel quam dignissim pharetra. Nam ac nulla. In tincidunt congue', 'ante.Maecenas@orci.ca'),
       ('100027', 'Cardiologist',
        'convallis ligula. Donec luctus aliquet odio. Etiam ligula tortor, dictum eu, placerat eget, venenatis a,',
        'lacus@atarcuVestibulum.ca'),
       ('100028', 'Emergency Physician', 'Cras dolor dolor, tempus non, lacinia', 'ante.Vivamus.non@nondapibus.ne'),
       ('100029', 'Anesthesiologist', 'natoque penatibus et magnis dis parturient montes, nascetur ridiculus mus.',
        'Mauris.molestie.pharetra@Crase'),
       ('100030', 'Anesthesiologist',
        'gravida sit amet, dapibus id, blandit at, nisi. Cum sociis natoque penatibus et magnis',
        'mus.Aenean@dolorsit.co.uk'),
       ('100031', 'Emergency Physician',
        'nascetur ridiculus mus. Donec dignissim magna a tortor. Nunc commodo auctor velit. Aliquam nisl. Nulla',
        'non.bibendum.sed@porttitoreros'),
       ('100032', 'Cardiologist',
        'mauris elit, dictum eu, eleifend nec, malesuada ut, sem. Nulla interdum. Curabitur dictum.',
        'non.magna.Nam@aliquetmolestie.'),
       ('100033', 'Anesthesiologist', 'lectus justo eu arcu. Morbi sit amet', 'Duis@rhoncusNullam.ca'),
       ('100034', 'Pulmonologist', 'fringilla. Donec feugiat', 'iaculis.enim@elementumloremut.'),
       ('100035', 'Pulmonologist', 'ornare. Fusce mollis. Duis sit', 'eget.metus.eu@rhoncusProinnisl'),
       ('100036', 'Emergency Physician', 'aliquam eros', 'odio@scelerisque.com'),
       ('100037', 'Cardiologist', 'Fusce aliquam, enim nec', 'placerat.Cras@tincidunt.net'),
       ('100038', 'Emergency Physician',
        'amet nulla. Donec non justo. Proin non massa non ante bibendum ullamcorper. Duis cursus, diam at pretium',
        'Nunc.quis.arcu@laoreetposuere.'),
       ('100039', 'Pulmonologist', 'et magnis dis parturient', 'Sed@malesuada.ca'),
       ('100040', 'Cardiologist', 'Sed eu nibh vulputate mauris sagittis placerat. Cras dictum ultricies',
        'ultrices.iaculis.odio@lacusCra'),
       ('100041', 'Pulmonologist',
        'quis, pede. Suspendisse dui. Fusce diam nunc, ullamcorper eu, euismod ac, fermentum vel, mauris. Integer',
        'auctor.velit.Aliquam@dolor.com'),
       ('100042', 'Gastroenterologist',
        'ipsum leo elementum sem, vitae aliquam eros turpis non enim. Mauris quis turpis vitae purus gravida',
        'convallis.convallis@Nam.org'),
       ('100043', 'Gastroenterologist', 'magna. Nam', 'Proin.mi@magnisdis.com'),
       ('100044', 'Pulmonologist', 'odio. Nam interdum enim non nisi. Aenean eget metus. In nec orci. Donec nibh.',
        'porttitor@nuncsedlibero.co.uk'),
       ('100045', 'Cardiologist', 'nulla. Cras eu tellus eu', 'auctor.ullamcorper.nisl@alique'),
       ('100046', 'Anesthesiologist', 'tincidunt, nunc ac mattis ornare, lectus', 'Phasellus@Pellentesquehabitant'),
       ('100047', 'Gastroenterologist',
        'pharetra sed, hendrerit a, arcu. Sed et libero. Proin mi. Aliquam gravida mauris ut mi. Duis risus',
        'porttitor.scelerisque.neque@nu'),
       ('100048', 'Cardiologist',
        'Nam tempor diam dictum sapien. Aenean massa. Integer vitae nibh. Donec est mauris, rhoncus id,',
        'ornare.tortor.at@Cum.com'),
       ('100049', 'Anesthesiologist',
        'sapien imperdiet ornare. In faucibus. Morbi vehicula. Pellentesque tincidunt tempus risus.',
        'diam.dictum.sapien@velnislQuis'),
       ('100050', 'Pulmonologist', 'et ipsum cursus vestibulum. Mauris', 'mollis.dui.in@metus.edu'),
       ('100100', 'General medecine', 'et ipsum cursus vestibulum. Mauris', 'jsweet.dui.in@metus.edu');
INSERT INTO `permanent_doctor` (`years`, `VAT`)
VALUES (2, '100000'),
       (7, '100001'),
       (1, '100002'),
       (6, '100003'),
       (4, '100004'),
       (6, '100005'),
       (1, '100006'),
       (9, '100007'),
       (9, '100008'),
       (3, '100009'),
       (2, '100010'),
       (7, '100011'),
       (5, '100012'),
       (7, '100013'),
       (3, '100014'),
       (9, '100015'),
       (7, '100016'),
       (6, '100017'),
       (7, '100018'),
       (10, '100019'),
       (3, '100050'),
       (10, '100100');
INSERT INTO `trainee_doctor` (`VAT`, `VAT_supervisor`)
VALUES ('100026', '100000'),
       ('100025', '100003'),
       ('100027', '100000'),
       ('100031', '100000'),
       ('100036', '100000'),
       ('100037', '100000'),
       ('100042', '100000'),
       ('100043', '100001'),
       ('100045', '100001'),
       ('100048', '100100'),
       ('100049', '100100'),
       ('100024', '100100');
INSERT INTO `supervision_report` (`VAT`, `date_timestamp`, `description`, `evaluation`)
VALUES ('100026', '2019-10-03 06:11:11', 'Will become great doctor, our resources are insufficient for him', '3'),
       ('100026', '2019-09-22 06:07:11', 'Realy good in patient treatment sufficient with directly superviser', '2'),
       ('100026', '2019-10-22 06:07:11', 'Realy good in patient treatment sufficient with directly superviser', '2'),
       ('100027', '2014-09-22 06:07:11', 'Realy good in patient treatment sufficient with directly superviser', '4'),
       ('100027', '2016-09-14 06:07:11', 'Will become amazing doctor, our resources are insufficient for him ', '5'),
       ('100026', '2016-09-02 08:50:11', 'Realy good in patient treatment sufficient with directly superviser', '4'),
       ('100026', '2016-09-22 08:07:11', 'Realy good in patient treatment sufficient with directly superviser', '5'),
       ('100025', '2016-09-22 08:07:11', 'Realy good in patient treatment sufficient with directly superviser', '5'),
       ('100025', '2016-05-13 08:07:11', 'Realy good in patient treatment sufficient with directly superviser', '1'),
       ('100024', '2016-09-04 08:07:11', 'Realy good in patient treatment insufficient with directly superviser', '1');
INSERT INTO `appointment` (`VAT_doctor`, `date_timestamp`, `description`, `VAT_client`)
VALUES ('100000', '2020-03-01 21:53:56',
        'Lorem ipsum dolor sit amet, consectetuer adipiscing elit. Curabitur sed tortor. Integer aliquam adipiscing lacus. Ut nec urna et arcu imperdiet ullamcorper. Duis at lacus. Quisque purus sapien, gravida non, sollicitudin a, malesuada id, erat. Etiam vestibulum massa rutrum magna.',
        '200075'),
       ('100001', '2018-08-13 09:26:44',
        'Lorem ipsum dolor sit amet, consectetuer adipiscing elit. Curabitur sed tortor. Integer aliquam adipiscing lacus. Ut nec urna et arcu imperdiet ullamcorper. Duis at lacus. Quisque purus sapien, gravida non, sollicitudin a, malesuada',
        '200067'),
       ('100001', '2019-11-23 17:47:07',
        'Lorem ipsum dolor sit amet, consectetuer adipiscing elit. Curabitur sed tortor. Integer aliquam adipiscing lacus. Ut nec urna et arcu imperdiet ullamcorper. Duis at lacus. Quisque purus sapien, gravida non, sollicitudin a, malesuada id, erat. Etiam vestibulum massa rutrum magna. Cras convallis convallis dolor. Quisque tincidunt pede ac urna. Ut tincidunt vehicula risus. Nulla eget metus eu erat semper rutrum. Fusce dolor quam, elementum at, egestas a, scelerisque sed, sapien. Nunc pulvinar arcu et pede. Nunc sed orci lobortis augue scelerisque mollis. Phasellus libero mauris, aliquam eu, accumsan sed, facilisis vitae, orci. Phasellus dapibus quam quis diam. Pellentesque habitant morbi tristique senectus et netus et malesuada fames ac',
        '200093'),
       ('100001', '2020-07-23 02:22:32',
        'Lorem ipsum dolor sit amet, consectetuer adipiscing elit. Curabitur sed tortor. Integer aliquam adipiscing lacus. Ut nec urna et arcu imperdiet ullamcorper. Duis at lacus. Quisque purus sapien, gravida non, sollicitudin a, malesuada id, erat. Etiam vestibulum massa rutrum magna. Cras convallis convallis dolor. Quisque tincidunt pede ac urna. Ut tincidunt vehicula risus. Nulla eget metus eu erat semper rutrum. Fusce dolor quam, elementum at, egestas a, scelerisque sed, sapien. Nunc pulvinar arcu et pede. Nunc sed orci lobortis augue scelerisque mollis. Phasellus libero mauris, aliquam eu, accumsan sed, facilisis vitae, orci. Phasellus dapibus quam quis diam. Pellentesque habitant morbi tristique senectus et netus et malesuada fames ac turpis egestas. Fusce aliquet magna a neque. Nullam ut nisi a odio semper cursus. Integer mollis. Integer tincidunt aliquam arcu. Aliquam ultrices iaculis odio. Nam interdum enim non nisi. Aenean eget metus. In nec orci. Donec nibh. Quisque nonummy ipsum non arcu. Vivamus sit amet risus. Donec egestas. Aliquam nec enim. Nunc ut erat. Sed nunc est, mollis non, cursus non, egestas a, dui. Cras pellentesque. Sed dictum. Proin eget odio. Aliquam vulputate ullamcorper magna. Sed eu eros. Nam consequat dolor vitae dolor. Donec fringilla. Donec feugiat metus sit amet ante.',
        '200056'),
       ('100002', '2018-04-16 05:18:05',
        'Lorem ipsum dolor sit amet, consectetuer adipiscing elit. Curabitur sed tortor. Integer aliquam adipiscing lacus. Ut nec urna et arcu imperdiet ullamcorper. Duis at lacus. Quisque purus sapien, gravida non, sollicitudin a, malesuada id, erat. Etiam vestibulum massa rutrum magna. Cras convallis convallis dolor. Quisque tincidunt pede ac urna. Ut tincidunt vehicula risus. Nulla eget metus eu erat semper rutrum. Fusce dolor quam, elementum at, egestas a, scelerisque sed, sapien. Nunc pulvinar arcu et pede. Nunc sed orci lobortis augue scelerisque mollis. Phasellus libero mauris, aliquam eu, accumsan sed, facilisis vitae, orci. Phasellus dapibus quam quis diam. Pellentesque habitant morbi tristique senectus et netus et malesuada fames ac turpis egestas. Fusce aliquet magna a neque. Nullam ut nisi a odio semper cursus. Integer mollis. Integer',
        '200057'),
       ('100002', '2018-06-29 23:08:58',
        'Lorem ipsum dolor sit amet, consectetuer adipiscing elit. Curabitur sed tortor. Integer aliquam adipiscing lacus. Ut nec urna et arcu imperdiet ullamcorper. Duis at lacus. Quisque purus sapien, gravida non, sollicitudin a, malesuada id, erat. Etiam vestibulum massa rutrum magna. Cras convallis convallis dolor. Quisque tincidunt pede ac urna. Ut tincidunt vehicula risus.',
        '200021'),
       ('100002', '2019-06-12 06:42:06',
        'Lorem ipsum dolor sit amet, consectetuer adipiscing elit. Curabitur sed tortor. Integer aliquam adipiscing lacus. Ut nec urna et arcu imperdiet ullamcorper. Duis at lacus. Quisque purus sapien, gravida non, sollicitudin a, malesuada id, erat. Etiam vestibulum massa rutrum magna. Cras convallis convallis dolor. Quisque tincidunt pede ac urna. Ut tincidunt vehicula risus. Nulla eget metus eu erat semper rutrum. Fusce dolor quam, elementum at, egestas a, scelerisque sed, sapien. Nunc pulvinar arcu et pede. Nunc sed orci lobortis augue scelerisque',
        '200096'),
       ('100002', '2020-08-16 16:31:37',
        'Lorem ipsum dolor sit amet, consectetuer adipiscing elit. Curabitur sed tortor. Integer aliquam adipiscing lacus. Ut nec urna et arcu imperdiet ullamcorper. Duis at lacus. Quisque purus sapien, gravida non, sollicitudin a, malesuada id, erat. Etiam vestibulum massa rutrum magna. Cras convallis convallis dolor. Quisque tincidunt pede ac urna. Ut tincidunt vehicula risus. Nulla eget metus eu erat semper rutrum. Fusce dolor quam, elementum at, egestas a, scelerisque sed, sapien. Nunc pulvinar arcu et pede. Nunc sed orci lobortis augue scelerisque mollis. Phasellus libero mauris, aliquam eu, accumsan sed, facilisis vitae, orci. Phasellus dapibus quam quis diam. Pellentesque habitant morbi tristique senectus et netus et malesuada fames ac turpis egestas. Fusce aliquet magna a neque. Nullam ut nisi a odio semper cursus. Integer mollis. Integer tincidunt aliquam arcu. Aliquam ultrices iaculis odio. Nam interdum enim',
        '200004'),
       ('100003', '2018-06-23 01:53:00',
        'Lorem ipsum dolor sit amet, consectetuer adipiscing elit. Curabitur sed tortor. Integer aliquam adipiscing lacus. Ut nec urna et arcu imperdiet ullamcorper. Duis at lacus. Quisque purus sapien, gravida non, sollicitudin a, malesuada id, erat. Etiam vestibulum massa rutrum magna. Cras convallis convallis dolor. Quisque tincidunt pede ac urna. Ut tincidunt vehicula risus. Nulla eget metus eu erat semper rutrum. Fusce dolor quam, elementum at, egestas a, scelerisque sed, sapien. Nunc pulvinar arcu et pede. Nunc sed orci lobortis augue scelerisque mollis. Phasellus libero mauris, aliquam eu, accumsan sed, facilisis vitae, orci. Phasellus dapibus quam quis diam. Pellentesque habitant morbi tristique senectus et netus et malesuada fames ac turpis egestas. Fusce aliquet magna a neque. Nullam ut nisi a odio semper cursus. Integer mollis. Integer tincidunt aliquam arcu. Aliquam ultrices iaculis odio. Nam interdum enim non nisi.',
        '200079'),
       ('100004', '2019-03-26 16:41:54',
        'Lorem ipsum dolor sit amet, consectetuer adipiscing elit. Curabitur sed tortor. Integer aliquam adipiscing lacus. Ut nec urna et arcu imperdiet ullamcorper. Duis at lacus. Quisque purus sapien, gravida non, sollicitudin a, malesuada id, erat. Etiam vestibulum massa rutrum magna. Cras convallis convallis dolor. Quisque tincidunt pede ac urna. Ut tincidunt vehicula risus. Nulla eget metus eu erat semper rutrum. Fusce dolor quam, elementum at, egestas a, scelerisque sed, sapien. Nunc pulvinar arcu et pede. Nunc sed orci lobortis augue scelerisque mollis. Phasellus libero mauris, aliquam eu, accumsan sed, facilisis vitae, orci. Phasellus dapibus quam quis diam. Pellentesque habitant morbi tristique senectus et netus et malesuada fames ac turpis egestas. Fusce aliquet magna a neque. Nullam ut nisi a odio semper cursus. Integer mollis. Integer tincidunt aliquam arcu. Aliquam ultrices iaculis odio. Nam interdum enim non nisi. Aenean eget metus. In nec orci. Donec nibh. Quisque nonummy ipsum non arcu. Vivamus sit amet risus. Donec egestas. Aliquam nec enim. Nunc ut erat. Sed nunc est, mollis non, cursus non, egestas a, dui. Cras pellentesque. Sed dictum. Proin eget odio. Aliquam vulputate ullamcorper magna. Sed eu eros. Nam consequat',
        '200042'),
       ('100004', '2020-06-09 22:14:17',
        'Lorem ipsum dolor sit amet, consectetuer adipiscing elit. Curabitur sed tortor. Integer aliquam adipiscing lacus. Ut nec urna et arcu imperdiet ullamcorper. Duis at lacus. Quisque purus sapien, gravida non, sollicitudin a, malesuada id, erat. Etiam vestibulum massa rutrum magna. Cras convallis convallis dolor. Quisque tincidunt pede ac urna. Ut tincidunt vehicula risus. Nulla eget metus eu erat semper rutrum. Fusce dolor quam, elementum at, egestas a, scelerisque sed, sapien. Nunc pulvinar arcu et pede. Nunc sed orci lobortis augue scelerisque mollis. Phasellus libero mauris, aliquam eu, accumsan sed, facilisis vitae, orci. Phasellus dapibus quam quis diam. Pellentesque habitant morbi tristique senectus et netus et malesuada fames ac turpis',
        '200052'),
       ('100004', '2020-10-21 15:22:40',
        'Lorem ipsum dolor sit amet, consectetuer adipiscing elit. Curabitur sed tortor. Integer aliquam adipiscing lacus. Ut nec urna et arcu imperdiet ullamcorper. Duis at lacus. Quisque purus sapien, gravida non, sollicitudin a, malesuada id, erat. Etiam vestibulum massa rutrum magna. Cras convallis convallis dolor. Quisque tincidunt pede ac urna. Ut tincidunt vehicula risus. Nulla eget metus eu erat semper rutrum. Fusce dolor quam, elementum at, egestas a, scelerisque sed, sapien. Nunc pulvinar arcu et pede. Nunc sed orci lobortis augue scelerisque mollis. Phasellus libero mauris, aliquam eu, accumsan sed, facilisis vitae, orci. Phasellus dapibus quam quis diam. Pellentesque habitant morbi tristique senectus et netus et malesuada fames ac turpis egestas.',
        '200024'),
       ('100005', '2018-10-21 10:41:04', 'Lorem ipsum dolor sit amet, consectetuer adipiscing elit. Curabitur',
        '200032'),
       ('100005', '2019-01-11 18:06:29',
        'Lorem ipsum dolor sit amet, consectetuer adipiscing elit. Curabitur sed tortor. Integer aliquam adipiscing lacus. Ut nec urna et arcu imperdiet ullamcorper. Duis at lacus. Quisque purus sapien, gravida non, sollicitudin a, malesuada id, erat. Etiam vestibulum massa rutrum magna. Cras convallis convallis dolor. Quisque tincidunt pede ac urna. Ut tincidunt vehicula risus. Nulla eget metus eu erat semper rutrum. Fusce dolor quam, elementum at, egestas a, scelerisque sed, sapien. Nunc pulvinar arcu et pede. Nunc sed orci lobortis augue scelerisque mollis. Phasellus libero mauris, aliquam eu, accumsan sed, facilisis vitae, orci. Phasellus dapibus quam quis diam. Pellentesque habitant morbi tristique senectus et netus et malesuada fames ac turpis egestas. Fusce aliquet magna a neque. Nullam ut nisi a odio semper cursus. Integer mollis. Integer tincidunt aliquam arcu. Aliquam ultrices iaculis odio. Nam interdum enim non nisi. Aenean eget metus. In nec orci. Donec nibh. Quisque nonummy ipsum non arcu. Vivamus sit amet risus. Donec egestas. Aliquam nec enim. Nunc ut erat. Sed nunc est, mollis non, cursus non, egestas a, dui. Cras pellentesque. Sed dictum. Proin eget odio. Aliquam vulputate ullamcorper magna. Sed eu eros. Nam consequat dolor vitae dolor. Donec',
        '200004'),
       ('100005', '2019-12-27 13:09:28',
        'Lorem ipsum dolor sit amet, consectetuer adipiscing elit. Curabitur sed tortor. Integer aliquam adipiscing lacus. Ut nec urna et arcu imperdiet ullamcorper. Duis at lacus. Quisque purus sapien, gravida non, sollicitudin a, malesuada id, erat. Etiam vestibulum massa rutrum magna. Cras convallis convallis dolor. Quisque tincidunt pede ac urna. Ut tincidunt vehicula risus. Nulla eget metus eu erat semper rutrum. Fusce dolor quam, elementum at, egestas a, scelerisque sed, sapien. Nunc pulvinar arcu et pede. Nunc sed orci lobortis augue scelerisque mollis. Phasellus libero mauris, aliquam eu, accumsan sed, facilisis vitae, orci. Phasellus dapibus quam quis diam. Pellentesque habitant morbi tristique senectus et netus et malesuada fames ac turpis egestas. Fusce aliquet magna a neque. Nullam ut nisi a odio',
        '200054'),
       ('100005', '2020-03-20 19:34:03',
        'Lorem ipsum dolor sit amet, consectetuer adipiscing elit. Curabitur sed tortor. Integer aliquam adipiscing lacus. Ut nec urna et arcu imperdiet ullamcorper. Duis at lacus. Quisque purus sapien, gravida non, sollicitudin a, malesuada id, erat. Etiam vestibulum massa rutrum magna. Cras convallis convallis dolor. Quisque tincidunt pede ac urna. Ut tincidunt vehicula risus. Nulla eget metus eu erat semper rutrum. Fusce dolor quam, elementum at, egestas a, scelerisque sed, sapien. Nunc pulvinar arcu et pede. Nunc sed orci lobortis augue scelerisque mollis. Phasellus libero mauris, aliquam eu, accumsan sed, facilisis vitae, orci. Phasellus dapibus quam quis diam. Pellentesque habitant morbi tristique senectus et netus et malesuada fames ac turpis egestas. Fusce aliquet magna a neque. Nullam ut nisi a odio semper cursus. Integer mollis. Integer tincidunt aliquam arcu. Aliquam ultrices iaculis odio. Nam interdum enim non nisi. Aenean eget metus. In nec orci. Donec nibh. Quisque nonummy ipsum non arcu. Vivamus sit amet risus. Donec egestas. Aliquam nec enim.',
        '200012'),
       ('100006', '2018-11-24 07:48:19',
        'Lorem ipsum dolor sit amet, consectetuer adipiscing elit. Curabitur sed tortor. Integer', '200054'),
       ('100006', '2019-10-01 16:12:13',
        'Lorem ipsum dolor sit amet, consectetuer adipiscing elit. Curabitur sed tortor. Integer aliquam adipiscing lacus. Ut nec urna et arcu imperdiet ullamcorper. Duis at lacus. Quisque purus sapien, gravida non, sollicitudin a, malesuada id, erat. Etiam vestibulum massa rutrum magna. Cras convallis convallis dolor. Quisque tincidunt pede ac urna. Ut tincidunt vehicula risus. Nulla eget metus eu erat semper rutrum. Fusce dolor quam, elementum at, egestas a, scelerisque sed, sapien. Nunc pulvinar arcu et pede. Nunc sed orci lobortis augue scelerisque mollis. Phasellus libero mauris, aliquam eu, accumsan sed, facilisis vitae, orci. Phasellus dapibus quam quis diam. Pellentesque habitant morbi tristique senectus et netus et malesuada fames ac turpis egestas. Fusce aliquet magna a neque. Nullam ut nisi a odio semper cursus. Integer mollis. Integer tincidunt aliquam arcu. Aliquam ultrices iaculis odio. Nam interdum enim non nisi. Aenean eget metus. In nec orci. Donec nibh. Quisque nonummy ipsum non arcu. Vivamus sit amet risus.',
        '200086'),
       ('100006', '2020-04-19 17:32:19', 'Lorem ipsum dolor sit amet, consectetuer adipiscing elit.', '200088'),
       ('100006', '2020-07-06 04:43:57',
        'Lorem ipsum dolor sit amet, consectetuer adipiscing elit. Curabitur sed tortor. Integer aliquam adipiscing lacus. Ut nec urna et arcu imperdiet ullamcorper. Duis at lacus. Quisque purus sapien, gravida non, sollicitudin a, malesuada id, erat. Etiam vestibulum massa rutrum magna. Cras convallis convallis dolor. Quisque tincidunt pede ac urna. Ut tincidunt vehicula risus. Nulla eget metus eu erat semper rutrum. Fusce dolor quam, elementum at, egestas a, scelerisque sed, sapien. Nunc pulvinar arcu et pede. Nunc sed orci lobortis augue scelerisque mollis. Phasellus libero mauris, aliquam eu, accumsan sed, facilisis vitae, orci. Phasellus dapibus quam quis diam. Pellentesque habitant morbi tristique senectus et netus et malesuada fames ac turpis egestas. Fusce aliquet magna a neque. Nullam ut nisi a odio semper cursus. Integer mollis. Integer tincidunt aliquam arcu. Aliquam ultrices iaculis odio. Nam interdum enim non nisi. Aenean eget metus. In nec orci. Donec nibh. Quisque nonummy ipsum non arcu. Vivamus sit amet risus. Donec egestas. Aliquam nec enim. Nunc ut erat. Sed nunc est, mollis non, cursus',
        '200052'),
       ('100007', '2018-10-14 11:24:34',
        'Lorem ipsum dolor sit amet, consectetuer adipiscing elit. Curabitur sed tortor. Integer aliquam adipiscing lacus. Ut nec urna et arcu imperdiet ullamcorper. Duis at lacus. Quisque purus sapien, gravida non, sollicitudin a, malesuada id, erat. Etiam vestibulum massa rutrum magna. Cras convallis convallis dolor. Quisque tincidunt pede ac urna. Ut tincidunt vehicula risus. Nulla',
        '200052'),
       ('100007', '2020-03-05 13:51:09',
        'Lorem ipsum dolor sit amet, consectetuer adipiscing elit. Curabitur sed tortor. Integer aliquam adipiscing lacus. Ut nec urna et arcu imperdiet ullamcorper. Duis at lacus. Quisque purus sapien, gravida non, sollicitudin a, malesuada id, erat. Etiam vestibulum massa rutrum magna. Cras convallis convallis dolor. Quisque tincidunt pede ac urna. Ut tincidunt vehicula risus. Nulla eget metus eu erat semper rutrum. Fusce dolor quam, elementum at, egestas a, scelerisque sed, sapien. Nunc pulvinar arcu et pede. Nunc sed orci lobortis augue scelerisque mollis.',
        '200061'),
       ('100008', '2018-09-09 02:14:03',
        'Lorem ipsum dolor sit amet, consectetuer adipiscing elit. Curabitur sed tortor. Integer aliquam adipiscing lacus. Ut nec urna et arcu imperdiet ullamcorper. Duis at lacus. Quisque purus sapien, gravida non, sollicitudin a, malesuada id, erat. Etiam vestibulum massa rutrum magna. Cras convallis convallis dolor. Quisque tincidunt pede ac urna. Ut tincidunt vehicula risus. Nulla eget metus eu erat semper rutrum. Fusce dolor quam, elementum at, egestas a, scelerisque sed, sapien. Nunc pulvinar arcu et pede. Nunc sed orci lobortis augue scelerisque mollis. Phasellus libero mauris, aliquam eu, accumsan sed, facilisis vitae, orci. Phasellus dapibus quam quis diam. Pellentesque habitant morbi tristique senectus et netus et malesuada fames ac turpis egestas. Fusce aliquet magna a neque. Nullam ut nisi a odio semper cursus. Integer mollis. Integer tincidunt aliquam arcu. Aliquam ultrices iaculis odio. Nam interdum enim non nisi. Aenean eget metus. In nec orci. Donec nibh. Quisque nonummy',
        '200086'),
       ('100008', '2019-01-09 20:09:50',
        'Lorem ipsum dolor sit amet, consectetuer adipiscing elit. Curabitur sed tortor. Integer aliquam adipiscing lacus. Ut nec urna et arcu imperdiet ullamcorper. Duis at lacus. Quisque purus sapien, gravida non, sollicitudin a, malesuada id, erat. Etiam vestibulum massa rutrum magna. Cras convallis convallis dolor. Quisque tincidunt pede ac urna. Ut tincidunt vehicula risus. Nulla eget metus eu erat semper rutrum. Fusce dolor quam, elementum at, egestas a, scelerisque sed, sapien. Nunc pulvinar arcu et pede. Nunc',
        '200076'),
       ('100008', '2019-06-17 20:06:55',
        'Lorem ipsum dolor sit amet, consectetuer adipiscing elit. Curabitur sed tortor. Integer aliquam adipiscing lacus. Ut nec urna et arcu imperdiet ullamcorper. Duis at lacus. Quisque purus sapien, gravida non, sollicitudin a, malesuada id, erat. Etiam vestibulum massa rutrum magna. Cras convallis convallis dolor. Quisque tincidunt pede ac urna. Ut tincidunt vehicula risus. Nulla eget metus eu erat semper rutrum. Fusce dolor quam, elementum at, egestas a, scelerisque sed, sapien. Nunc pulvinar arcu et pede. Nunc sed orci lobortis augue scelerisque mollis. Phasellus libero mauris, aliquam eu, accumsan sed, facilisis vitae, orci. Phasellus dapibus quam quis diam. Pellentesque habitant morbi tristique senectus et netus et malesuada fames ac turpis egestas. Fusce aliquet magna a neque. Nullam ut nisi a odio semper cursus. Integer mollis. Integer tincidunt aliquam arcu. Aliquam ultrices iaculis odio.',
        '200005'),
       ('100009', '2019-10-31 21:49:11',
        'Lorem ipsum dolor sit amet, consectetuer adipiscing elit. Curabitur sed tortor. Integer aliquam adipiscing lacus. Ut nec urna et arcu imperdiet ullamcorper. Duis at lacus. Quisque purus sapien, gravida non, sollicitudin a, malesuada id, erat. Etiam vestibulum massa rutrum magna. Cras convallis convallis dolor. Quisque tincidunt pede ac urna. Ut tincidunt vehicula risus. Nulla eget metus eu erat semper rutrum. Fusce dolor quam, elementum at, egestas a, scelerisque sed, sapien. Nunc pulvinar arcu et pede. Nunc sed orci lobortis augue scelerisque mollis. Phasellus libero mauris, aliquam eu, accumsan sed, facilisis vitae, orci. Phasellus dapibus quam quis diam. Pellentesque habitant morbi tristique senectus et netus et malesuada fames ac turpis egestas. Fusce aliquet magna a neque. Nullam ut nisi a odio semper cursus. Integer mollis. Integer tincidunt aliquam arcu. Aliquam ultrices',
        '200054'),
       ('100010', '2019-05-09 01:09:52',
        'Lorem ipsum dolor sit amet, consectetuer adipiscing elit. Curabitur sed tortor. Integer aliquam adipiscing lacus. Ut',
        '200026'),
       ('100010', '2019-12-26 19:18:30',
        'Lorem ipsum dolor sit amet, consectetuer adipiscing elit. Curabitur sed tortor. Integer aliquam adipiscing lacus. Ut nec urna et arcu imperdiet ullamcorper. Duis at lacus. Quisque purus sapien, gravida non, sollicitudin a, malesuada id, erat. Etiam vestibulum massa rutrum magna. Cras convallis convallis dolor. Quisque tincidunt pede ac urna. Ut tincidunt vehicula risus. Nulla eget metus eu erat semper rutrum. Fusce dolor quam, elementum at, egestas a, scelerisque sed, sapien. Nunc pulvinar arcu et pede. Nunc sed orci lobortis augue scelerisque mollis. Phasellus libero mauris, aliquam eu, accumsan sed, facilisis vitae, orci. Phasellus dapibus quam quis diam. Pellentesque habitant morbi tristique senectus et netus et malesuada fames ac turpis egestas. Fusce aliquet magna a neque. Nullam ut nisi a odio semper cursus. Integer mollis. Integer tincidunt aliquam arcu. Aliquam ultrices iaculis odio. Nam interdum enim non nisi. Aenean eget metus. In nec orci. Donec nibh. Quisque nonummy ipsum non',
        '200035'),
       ('100010', '2020-06-19 23:14:31',
        'Lorem ipsum dolor sit amet, consectetuer adipiscing elit. Curabitur sed tortor. Integer aliquam adipiscing lacus. Ut nec urna et arcu imperdiet ullamcorper. Duis at lacus. Quisque purus sapien, gravida non, sollicitudin a, malesuada id, erat. Etiam vestibulum massa rutrum magna. Cras convallis convallis dolor. Quisque tincidunt pede ac urna. Ut tincidunt vehicula risus. Nulla eget metus eu erat semper rutrum. Fusce dolor quam, elementum at, egestas a, scelerisque sed, sapien. Nunc pulvinar arcu et pede. Nunc sed orci lobortis augue scelerisque mollis. Phasellus libero mauris, aliquam eu, accumsan sed, facilisis vitae, orci. Phasellus dapibus quam quis diam. Pellentesque habitant morbi tristique senectus et netus et malesuada fames ac turpis egestas. Fusce aliquet magna a neque. Nullam ut nisi a odio semper cursus. Integer mollis. Integer tincidunt aliquam arcu.',
        '200052'),
       ('100011', '2020-07-29 00:24:58',
        'Lorem ipsum dolor sit amet, consectetuer adipiscing elit. Curabitur sed tortor. Integer aliquam adipiscing lacus. Ut nec urna et arcu imperdiet ullamcorper. Duis at lacus. Quisque purus sapien, gravida non, sollicitudin a, malesuada id, erat. Etiam vestibulum massa rutrum magna. Cras convallis convallis dolor. Quisque tincidunt pede ac urna. Ut tincidunt vehicula risus. Nulla eget metus eu erat semper rutrum. Fusce dolor quam, elementum at, egestas a, scelerisque sed, sapien. Nunc pulvinar arcu et pede. Nunc sed orci lobortis augue scelerisque mollis. Phasellus libero mauris, aliquam eu, accumsan sed, facilisis vitae, orci. Phasellus dapibus quam quis diam. Pellentesque habitant morbi tristique senectus et netus et malesuada fames ac turpis egestas. Fusce aliquet magna a neque. Nullam ut nisi a odio semper cursus. Integer mollis. Integer tincidunt aliquam arcu. Aliquam ultrices iaculis odio. Nam interdum enim non nisi. Aenean eget metus. In nec orci. Donec nibh. Quisque nonummy ipsum non arcu. Vivamus sit amet risus. Donec egestas. Aliquam nec enim. Nunc ut erat. Sed nunc est, mollis non, cursus non, egestas a,',
        '200098'),
       ('100013', '2020-04-08 12:08:31',
        'Lorem ipsum dolor sit amet, consectetuer adipiscing elit. Curabitur sed tortor. Integer aliquam adipiscing lacus. Ut nec urna et arcu imperdiet ullamcorper. Duis at lacus. Quisque purus sapien, gravida non, sollicitudin a, malesuada id, erat. Etiam vestibulum massa rutrum magna. Cras convallis convallis dolor. Quisque tincidunt pede ac urna. Ut tincidunt vehicula risus. Nulla eget metus eu erat semper rutrum. Fusce dolor quam, elementum at, egestas a, scelerisque sed, sapien. Nunc pulvinar arcu et pede. Nunc sed orci lobortis augue scelerisque mollis. Phasellus libero mauris, aliquam eu, accumsan sed, facilisis vitae, orci. Phasellus dapibus quam quis diam. Pellentesque habitant morbi tristique senectus et netus et malesuada fames ac turpis egestas. Fusce aliquet magna a neque. Nullam ut nisi',
        '200026'),
       ('100014', '2018-03-28 11:05:57',
        'Lorem ipsum dolor sit amet, consectetuer adipiscing elit. Curabitur sed tortor. Integer aliquam adipiscing lacus. Ut nec urna et arcu imperdiet ullamcorper. Duis at lacus. Quisque purus sapien, gravida non, sollicitudin a, malesuada id, erat. Etiam vestibulum massa rutrum magna. Cras convallis convallis dolor. Quisque tincidunt pede ac urna. Ut tincidunt vehicula risus. Nulla eget metus eu erat semper rutrum. Fusce dolor quam, elementum at,',
        '200055'),
       ('100014', '2018-07-15 14:20:24',
        'Lorem ipsum dolor sit amet, consectetuer adipiscing elit. Curabitur sed tortor. Integer aliquam adipiscing lacus. Ut nec urna et arcu imperdiet ullamcorper. Duis at lacus. Quisque purus sapien, gravida non, sollicitudin a, malesuada id, erat. Etiam vestibulum massa rutrum magna. Cras convallis convallis dolor. Quisque tincidunt pede ac urna. Ut tincidunt vehicula risus. Nulla eget metus eu erat semper rutrum. Fusce dolor quam, elementum at, egestas a, scelerisque sed, sapien. Nunc pulvinar arcu et pede. Nunc sed orci lobortis augue scelerisque mollis. Phasellus libero mauris, aliquam eu, accumsan sed, facilisis vitae, orci. Phasellus dapibus quam quis diam. Pellentesque habitant morbi tristique senectus et netus et malesuada fames ac turpis egestas. Fusce aliquet magna a neque. Nullam ut nisi a odio semper cursus. Integer mollis. Integer tincidunt aliquam arcu. Aliquam ultrices iaculis odio. Nam interdum enim non nisi. Aenean eget metus. In nec orci. Donec nibh. Quisque',
        '200056'),
       ('100016', '2018-07-12 03:23:01',
        'Lorem ipsum dolor sit amet, consectetuer adipiscing elit. Curabitur sed tortor. Integer aliquam adipiscing lacus. Ut',
        '200016'),
       ('100016', '2020-05-01 03:55:48',
        'Lorem ipsum dolor sit amet, consectetuer adipiscing elit. Curabitur sed tortor. Integer aliquam adipiscing lacus. Ut nec urna et arcu imperdiet ullamcorper. Duis at lacus. Quisque purus sapien, gravida non, sollicitudin a, malesuada id, erat. Etiam vestibulum massa rutrum magna. Cras convallis convallis dolor. Quisque tincidunt pede ac urna. Ut tincidunt vehicula risus. Nulla eget metus eu erat semper rutrum. Fusce dolor quam, elementum at, egestas a, scelerisque sed, sapien. Nunc pulvinar arcu et pede. Nunc sed orci lobortis augue scelerisque mollis. Phasellus libero mauris, aliquam eu, accumsan sed, facilisis vitae, orci. Phasellus dapibus quam quis diam. Pellentesque habitant morbi tristique',
        '200059'),
       ('100018', '2019-03-27 00:36:40',
        'Lorem ipsum dolor sit amet, consectetuer adipiscing elit. Curabitur sed tortor. Integer aliquam adipiscing lacus. Ut nec urna et arcu imperdiet ullamcorper. Duis at lacus. Quisque purus sapien, gravida non, sollicitudin a, malesuada id, erat. Etiam vestibulum massa rutrum magna. Cras convallis convallis dolor. Quisque tincidunt pede ac urna. Ut tincidunt vehicula risus. Nulla eget metus eu',
        '200033'),
       ('100018', '2019-11-15 17:49:47',
        'Lorem ipsum dolor sit amet, consectetuer adipiscing elit. Curabitur sed tortor. Integer aliquam adipiscing lacus. Ut nec urna et arcu imperdiet ullamcorper. Duis at lacus. Quisque purus sapien, gravida non, sollicitudin a, malesuada id, erat. Etiam vestibulum massa rutrum magna. Cras convallis convallis dolor. Quisque tincidunt pede ac urna. Ut tincidunt vehicula risus. Nulla eget metus eu erat semper rutrum. Fusce dolor quam, elementum at, egestas a, scelerisque sed, sapien. Nunc pulvinar arcu et pede. Nunc sed orci lobortis augue scelerisque mollis. Phasellus libero mauris, aliquam eu, accumsan sed, facilisis vitae, orci. Phasellus dapibus quam quis diam. Pellentesque habitant morbi tristique senectus et netus et malesuada fames ac turpis egestas. Fusce aliquet magna a neque. Nullam ut',
        '200061'),
       ('100018', '2019-11-22 20:37:40',
        'Lorem ipsum dolor sit amet, consectetuer adipiscing elit. Curabitur sed tortor. Integer aliquam adipiscing lacus. Ut nec urna et arcu imperdiet ullamcorper. Duis at lacus. Quisque purus sapien, gravida non, sollicitudin a, malesuada id, erat. Etiam vestibulum massa rutrum magna. Cras convallis convallis dolor. Quisque tincidunt pede ac urna. Ut tincidunt vehicula risus. Nulla eget metus eu erat semper rutrum. Fusce dolor quam, elementum at, egestas a, scelerisque sed, sapien. Nunc pulvinar arcu et pede. Nunc sed orci lobortis augue scelerisque mollis. Phasellus libero mauris, aliquam eu, accumsan sed, facilisis vitae, orci. Phasellus dapibus quam quis diam. Pellentesque habitant morbi tristique senectus et netus et malesuada fames ac turpis egestas. Fusce aliquet magna a neque. Nullam ut nisi a odio semper cursus. Integer mollis. Integer tincidunt aliquam arcu. Aliquam ultrices iaculis odio. Nam interdum enim non nisi. Aenean eget metus. In nec orci. Donec nibh. Quisque nonummy ipsum non arcu. Vivamus',
        '200050'),
       ('100019', '2018-10-02 19:12:48', 'Lorem ipsum dolor sit amet,', '200071'),
       ('100019', '2019-03-28 14:39:10',
        'Lorem ipsum dolor sit amet, consectetuer adipiscing elit. Curabitur sed tortor. Integer aliquam adipiscing lacus. Ut nec urna et arcu imperdiet ullamcorper. Duis at lacus. Quisque purus sapien, gravida non, sollicitudin a, malesuada id, erat. Etiam vestibulum massa rutrum magna. Cras convallis convallis dolor. Quisque tincidunt pede ac urna. Ut tincidunt vehicula risus. Nulla eget metus eu erat semper rutrum. Fusce dolor quam, elementum at, egestas a, scelerisque sed, sapien. Nunc pulvinar arcu et pede. Nunc sed orci lobortis augue scelerisque mollis. Phasellus libero mauris, aliquam eu, accumsan sed, facilisis vitae, orci. Phasellus dapibus quam quis diam. Pellentesque habitant morbi tristique senectus et netus et malesuada fames ac turpis egestas. Fusce aliquet magna a neque. Nullam ut nisi a odio semper cursus. Integer mollis. Integer tincidunt aliquam arcu. Aliquam ultrices iaculis odio. Nam interdum enim non nisi. Aenean eget metus. In nec orci. Donec nibh. Quisque nonummy ipsum non arcu. Vivamus sit amet risus. Donec egestas. Aliquam nec enim. Nunc ut erat. Sed nunc est, mollis non, cursus non, egestas a, dui. Cras pellentesque. Sed dictum. Proin eget odio. Aliquam vulputate',
        '200006'),
       ('100019', '2020-03-27 10:15:38',
        'Lorem ipsum dolor sit amet, consectetuer adipiscing elit. Curabitur sed tortor. Integer aliquam adipiscing lacus. Ut nec urna et arcu imperdiet ullamcorper. Duis at lacus. Quisque purus sapien, gravida non, sollicitudin a, malesuada id, erat. Etiam vestibulum massa rutrum magna. Cras convallis convallis dolor. Quisque tincidunt pede ac urna. Ut tincidunt vehicula risus. Nulla eget metus eu erat semper rutrum. Fusce dolor quam, elementum at, egestas a, scelerisque sed, sapien. Nunc pulvinar arcu et pede. Nunc sed orci lobortis augue scelerisque mollis. Phasellus libero mauris, aliquam eu, accumsan sed, facilisis vitae, orci. Phasellus dapibus quam quis diam. Pellentesque habitant morbi tristique senectus et netus et',
        '200054'),
       ('100021', '2019-12-16 22:57:02',
        'Lorem ipsum dolor sit amet, consectetuer adipiscing elit. Curabitur sed tortor. Integer aliquam adipiscing lacus. Ut nec urna et arcu imperdiet ullamcorper. Duis at lacus. Quisque purus sapien, gravida non, sollicitudin a, malesuada id, erat. Etiam vestibulum massa rutrum magna. Cras convallis convallis dolor. Quisque tincidunt pede ac urna. Ut tincidunt vehicula risus. Nulla eget metus eu erat semper rutrum. Fusce dolor quam, elementum at, egestas a, scelerisque sed, sapien. Nunc pulvinar arcu et pede.',
        '200050'),
       ('100021', '2020-01-16 21:58:28',
        'Lorem ipsum dolor sit amet, consectetuer adipiscing elit. Curabitur sed tortor. Integer aliquam adipiscing lacus. Ut nec urna et arcu imperdiet ullamcorper. Duis at lacus. Quisque purus sapien, gravida non, sollicitudin a, malesuada id, erat. Etiam vestibulum massa rutrum magna. Cras convallis convallis dolor. Quisque tincidunt pede ac urna. Ut tincidunt vehicula risus. Nulla eget metus eu erat semper rutrum. Fusce dolor quam, elementum at, egestas a, scelerisque sed, sapien. Nunc pulvinar arcu et pede. Nunc sed orci lobortis augue scelerisque mollis. Phasellus libero mauris, aliquam eu, accumsan sed, facilisis vitae, orci. Phasellus dapibus quam quis diam. Pellentesque habitant morbi tristique senectus et netus et malesuada fames ac turpis egestas. Fusce aliquet magna a neque. Nullam ut nisi a odio semper cursus. Integer mollis. Integer tincidunt aliquam arcu. Aliquam ultrices iaculis odio. Nam interdum enim non nisi. Aenean eget metus. In nec orci. Donec nibh. Quisque nonummy ipsum non arcu. Vivamus sit amet risus. Donec egestas. Aliquam nec enim. Nunc ut erat. Sed nunc est, mollis non, cursus non, egestas a, dui. Cras',
        '200046'),
       ('100021', '2020-07-17 22:21:08', 'Lorem ipsum dolor sit', '200090'),
       ('100022', '2018-07-27 13:18:49',
        'Lorem ipsum dolor sit amet, consectetuer adipiscing elit. Curabitur sed tortor. Integer aliquam adipiscing lacus. Ut nec urna et arcu imperdiet ullamcorper. Duis at lacus. Quisque purus sapien, gravida non, sollicitudin a, malesuada id, erat. Etiam vestibulum massa rutrum magna. Cras convallis convallis dolor. Quisque tincidunt pede ac urna. Ut tincidunt vehicula risus. Nulla eget metus eu erat semper rutrum. Fusce dolor quam, elementum at, egestas a, scelerisque sed, sapien. Nunc pulvinar arcu et pede. Nunc sed orci lobortis augue scelerisque mollis. Phasellus libero mauris, aliquam eu, accumsan sed, facilisis vitae, orci. Phasellus dapibus quam quis diam.',
        '200047'),
       ('100022', '2020-01-02 03:23:13',
        'Lorem ipsum dolor sit amet, consectetuer adipiscing elit. Curabitur sed tortor. Integer aliquam adipiscing lacus. Ut nec urna et arcu imperdiet ullamcorper. Duis at lacus. Quisque purus sapien, gravida non, sollicitudin a, malesuada id, erat. Etiam vestibulum massa rutrum magna. Cras convallis convallis dolor. Quisque tincidunt pede ac urna. Ut tincidunt vehicula risus. Nulla eget metus eu erat semper rutrum. Fusce dolor quam, elementum at, egestas a, scelerisque sed, sapien. Nunc pulvinar arcu et pede. Nunc sed',
        '200093'),
       ('100022', '2020-02-09 03:29:29',
        'Lorem ipsum dolor sit amet, consectetuer adipiscing elit. Curabitur sed tortor. Integer aliquam adipiscing lacus. Ut nec urna et arcu imperdiet ullamcorper. Duis at lacus. Quisque purus sapien, gravida non, sollicitudin a, malesuada id, erat. Etiam vestibulum massa rutrum magna. Cras convallis convallis dolor. Quisque tincidunt pede ac urna. Ut tincidunt vehicula risus. Nulla eget metus eu erat semper rutrum. Fusce dolor quam, elementum at, egestas a, scelerisque sed, sapien. Nunc pulvinar arcu et pede. Nunc sed orci lobortis augue scelerisque mollis. Phasellus libero mauris, aliquam eu, accumsan sed, facilisis vitae, orci. Phasellus dapibus quam quis diam. Pellentesque habitant morbi tristique senectus et netus et malesuada fames ac turpis egestas. Fusce aliquet magna a neque. Nullam ut nisi a odio semper cursus. Integer mollis. Integer tincidunt aliquam arcu. Aliquam ultrices iaculis odio. Nam',
        '200058'),
       ('100023', '2018-03-23 23:38:07',
        'Lorem ipsum dolor sit amet, consectetuer adipiscing elit. Curabitur sed tortor. Integer aliquam adipiscing lacus. Ut nec urna et arcu imperdiet ullamcorper. Duis at lacus. Quisque purus sapien, gravida non, sollicitudin a, malesuada id, erat. Etiam vestibulum massa rutrum magna. Cras convallis convallis dolor. Quisque tincidunt pede ac urna. Ut tincidunt vehicula risus. Nulla eget metus eu erat semper rutrum. Fusce dolor quam, elementum at, egestas a, scelerisque sed, sapien. Nunc pulvinar arcu et pede. Nunc sed orci lobortis augue scelerisque mollis. Phasellus libero mauris, aliquam eu, accumsan sed, facilisis vitae, orci. Phasellus dapibus quam quis diam. Pellentesque habitant morbi tristique senectus et netus et malesuada fames ac',
        '200039'),
       ('100023', '2018-07-11 23:20:44',
        'Lorem ipsum dolor sit amet, consectetuer adipiscing elit. Curabitur sed tortor. Integer aliquam adipiscing lacus. Ut nec urna et arcu imperdiet ullamcorper. Duis at lacus. Quisque purus sapien, gravida non, sollicitudin a, malesuada id, erat. Etiam vestibulum massa rutrum magna. Cras convallis convallis dolor. Quisque tincidunt pede ac urna. Ut tincidunt vehicula risus. Nulla eget metus eu erat semper rutrum. Fusce dolor quam, elementum at, egestas a, scelerisque sed, sapien. Nunc pulvinar arcu et pede. Nunc sed orci lobortis augue scelerisque mollis. Phasellus libero mauris, aliquam eu, accumsan sed, facilisis vitae, orci. Phasellus dapibus quam quis diam. Pellentesque habitant morbi tristique senectus et netus et malesuada fames ac turpis egestas. Fusce aliquet magna a neque. Nullam ut nisi a',
        '200009'),
       ('100023', '2019-02-11 12:11:48',
        'Lorem ipsum dolor sit amet, consectetuer adipiscing elit. Curabitur sed tortor. Integer aliquam adipiscing lacus. Ut nec urna et arcu imperdiet ullamcorper. Duis at lacus. Quisque purus sapien, gravida non, sollicitudin a, malesuada id, erat. Etiam vestibulum massa rutrum magna. Cras convallis convallis dolor. Quisque tincidunt pede ac urna. Ut tincidunt vehicula risus. Nulla eget metus eu erat semper rutrum. Fusce dolor quam, elementum at, egestas a, scelerisque sed, sapien. Nunc pulvinar arcu et pede. Nunc sed orci lobortis augue scelerisque mollis. Phasellus libero mauris, aliquam eu, accumsan sed, facilisis vitae, orci.',
        '200011'),
       ('100024', '2018-07-31 14:12:43',
        'Lorem ipsum dolor sit amet, consectetuer adipiscing elit. Curabitur sed tortor. Integer aliquam adipiscing lacus. Ut nec urna et arcu imperdiet ullamcorper. Duis at lacus. Quisque purus sapien, gravida non, sollicitudin a, malesuada id, erat. Etiam vestibulum massa rutrum magna. Cras convallis convallis dolor. Quisque tincidunt pede ac urna. Ut tincidunt vehicula risus. Nulla eget metus eu erat semper rutrum. Fusce dolor quam, elementum at, egestas a, scelerisque sed, sapien. Nunc pulvinar arcu et pede. Nunc sed orci lobortis augue scelerisque mollis. Phasellus libero mauris, aliquam eu, accumsan sed, facilisis vitae, orci. Phasellus dapibus quam quis diam. Pellentesque habitant',
        '200032'),
       ('100025', '2018-04-05 20:00:03',
        'Lorem ipsum dolor sit amet, consectetuer adipiscing elit. Curabitur sed tortor. Integer aliquam adipiscing lacus. Ut nec urna et arcu imperdiet ullamcorper. Duis at lacus. Quisque purus sapien, gravida non, sollicitudin a, malesuada id, erat. Etiam vestibulum massa rutrum magna. Cras convallis convallis dolor. Quisque tincidunt pede ac urna. Ut tincidunt vehicula risus. Nulla eget metus eu erat semper rutrum. Fusce dolor quam, elementum at, egestas a, scelerisque sed, sapien. Nunc pulvinar arcu et pede. Nunc sed orci lobortis augue scelerisque mollis. Phasellus libero mauris, aliquam eu, accumsan sed, facilisis vitae, orci. Phasellus dapibus quam quis diam. Pellentesque habitant morbi tristique senectus et netus et malesuada fames ac turpis egestas. Fusce aliquet magna a neque. Nullam ut nisi a odio semper cursus. Integer mollis. Integer tincidunt aliquam arcu. Aliquam ultrices iaculis odio. Nam interdum enim non nisi. Aenean eget metus. In nec orci. Donec nibh. Quisque nonummy ipsum non arcu. Vivamus sit amet risus. Donec egestas. Aliquam nec enim. Nunc ut erat. Sed nunc est, mollis non, cursus non, egestas',
        '200063'),
       ('100025', '2018-05-16 16:42:59', 'Lorem ipsum dolor sit amet, consectetuer adipiscing', '200094'),
       ('100026', '2019-05-08 11:25:21',
        'Lorem ipsum dolor sit amet, consectetuer adipiscing elit. Curabitur sed tortor. Integer aliquam adipiscing lacus. Ut nec urna et arcu imperdiet ullamcorper. Duis at lacus. Quisque purus sapien, gravida non, sollicitudin a, malesuada id, erat. Etiam vestibulum massa rutrum magna. Cras convallis convallis dolor. Quisque tincidunt pede ac urna. Ut tincidunt vehicula risus. Nulla eget metus eu erat semper rutrum. Fusce dolor quam, elementum at, egestas a, scelerisque sed, sapien. Nunc pulvinar arcu et pede. Nunc sed orci lobortis augue scelerisque mollis. Phasellus libero mauris, aliquam eu, accumsan sed, facilisis vitae, orci. Phasellus dapibus quam quis diam. Pellentesque habitant morbi tristique senectus et netus et malesuada fames ac turpis egestas. Fusce aliquet magna a neque. Nullam ut nisi a odio semper cursus. Integer mollis. Integer tincidunt aliquam arcu. Aliquam ultrices iaculis odio. Nam interdum enim non nisi. Aenean eget metus. In nec orci. Donec nibh. Quisque nonummy ipsum non arcu. Vivamus sit amet risus. Donec egestas. Aliquam nec',
        '200022'),
       ('100028', '2019-05-26 10:17:10',
        'Lorem ipsum dolor sit amet, consectetuer adipiscing elit. Curabitur sed tortor. Integer aliquam adipiscing lacus. Ut nec urna et arcu imperdiet ullamcorper. Duis at lacus. Quisque purus sapien, gravida non, sollicitudin a, malesuada id, erat. Etiam vestibulum massa rutrum magna. Cras convallis convallis dolor.',
        '200041'),
       ('100029', '2018-05-05 19:58:40',
        'Lorem ipsum dolor sit amet, consectetuer adipiscing elit. Curabitur sed tortor. Integer aliquam adipiscing lacus. Ut nec urna et arcu imperdiet ullamcorper. Duis at lacus. Quisque purus sapien, gravida non, sollicitudin a, malesuada id, erat. Etiam vestibulum massa rutrum magna. Cras convallis convallis dolor. Quisque tincidunt pede ac urna. Ut tincidunt vehicula risus. Nulla eget metus eu erat semper rutrum. Fusce dolor quam, elementum at, egestas a, scelerisque sed, sapien. Nunc pulvinar arcu et pede. Nunc sed orci lobortis augue scelerisque mollis. Phasellus libero mauris, aliquam eu, accumsan sed, facilisis',
        '200085'),
       ('100030', '2018-12-06 18:11:09',
        'Lorem ipsum dolor sit amet, consectetuer adipiscing elit. Curabitur sed tortor. Integer aliquam adipiscing lacus. Ut nec urna et arcu imperdiet ullamcorper. Duis at lacus. Quisque purus sapien, gravida non, sollicitudin a, malesuada id, erat. Etiam vestibulum massa rutrum magna. Cras convallis convallis dolor. Quisque tincidunt pede ac urna. Ut tincidunt vehicula risus. Nulla eget metus eu erat semper rutrum. Fusce dolor quam, elementum at, egestas a, scelerisque sed, sapien.',
        '200041'),
       ('100030', '2019-05-24 16:49:15',
        'Lorem ipsum dolor sit amet, consectetuer adipiscing elit. Curabitur sed tortor. Integer aliquam adipiscing lacus. Ut nec urna et arcu imperdiet ullamcorper. Duis at lacus. Quisque purus sapien, gravida non, sollicitudin a, malesuada id, erat. Etiam vestibulum massa rutrum magna. Cras convallis convallis dolor. Quisque tincidunt pede ac urna. Ut tincidunt vehicula risus. Nulla eget metus eu erat semper rutrum. Fusce dolor quam, elementum at, egestas a, scelerisque sed, sapien. Nunc pulvinar arcu et pede. Nunc sed orci lobortis augue scelerisque mollis. Phasellus libero mauris, aliquam eu, accumsan sed, facilisis vitae, orci. Phasellus dapibus quam quis diam. Pellentesque habitant morbi tristique senectus et netus et malesuada fames ac turpis egestas. Fusce aliquet magna a neque. Nullam ut nisi a odio semper cursus. Integer mollis. Integer tincidunt aliquam arcu.',
        '200058'),
       ('100030', '2020-04-16 21:32:15',
        'Lorem ipsum dolor sit amet, consectetuer adipiscing elit. Curabitur sed tortor. Integer aliquam adipiscing lacus. Ut nec urna et arcu imperdiet ullamcorper. Duis at lacus. Quisque purus sapien, gravida non, sollicitudin a, malesuada id, erat. Etiam vestibulum massa rutrum magna. Cras convallis convallis dolor. Quisque tincidunt pede ac urna. Ut tincidunt vehicula risus. Nulla eget metus eu erat semper rutrum. Fusce dolor quam, elementum at, egestas a, scelerisque sed, sapien. Nunc pulvinar arcu et pede. Nunc sed orci lobortis augue scelerisque mollis. Phasellus libero mauris, aliquam eu, accumsan sed, facilisis vitae, orci. Phasellus dapibus quam quis diam. Pellentesque habitant morbi tristique senectus et netus et malesuada fames ac turpis egestas.',
        '200071'),
       ('100031', '2019-03-30 05:50:28',
        'Lorem ipsum dolor sit amet, consectetuer adipiscing elit. Curabitur sed tortor. Integer aliquam adipiscing lacus. Ut nec urna et arcu imperdiet ullamcorper. Duis at lacus. Quisque purus sapien, gravida non, sollicitudin a, malesuada id, erat. Etiam vestibulum massa rutrum magna. Cras convallis convallis dolor. Quisque tincidunt pede ac urna. Ut tincidunt vehicula risus. Nulla eget metus eu erat semper rutrum. Fusce dolor quam, elementum at, egestas a, scelerisque sed, sapien. Nunc pulvinar arcu et pede. Nunc sed orci lobortis augue scelerisque mollis. Phasellus libero mauris, aliquam eu, accumsan sed, facilisis',
        '200038'),
       ('100031', '2019-07-10 23:10:08',
        'Lorem ipsum dolor sit amet, consectetuer adipiscing elit. Curabitur sed tortor. Integer aliquam adipiscing lacus. Ut nec urna et arcu imperdiet ullamcorper. Duis at lacus. Quisque purus sapien, gravida non, sollicitudin a, malesuada id, erat. Etiam vestibulum massa rutrum magna. Cras convallis convallis dolor. Quisque tincidunt pede ac urna. Ut tincidunt vehicula risus. Nulla eget metus eu erat semper rutrum. Fusce dolor quam, elementum at, egestas a, scelerisque sed, sapien. Nunc pulvinar arcu et pede. Nunc sed orci lobortis augue scelerisque mollis. Phasellus libero mauris, aliquam eu, accumsan sed, facilisis vitae, orci. Phasellus dapibus quam quis diam. Pellentesque habitant morbi tristique senectus et netus et malesuada fames ac turpis egestas. Fusce aliquet magna a neque. Nullam ut nisi a odio semper cursus. Integer mollis. Integer tincidunt aliquam arcu. Aliquam ultrices iaculis odio. Nam interdum enim non nisi. Aenean eget metus. In nec orci. Donec nibh. Quisque nonummy ipsum non arcu. Vivamus sit amet risus. Donec egestas. Aliquam nec enim. Nunc ut erat. Sed nunc est, mollis non, cursus non, egestas a, dui. Cras pellentesque. Sed dictum. Proin eget odio. Aliquam vulputate ullamcorper magna. Sed eu eros. Nam consequat',
        '200033'),
       ('100031', '2020-05-23 22:29:06',
        'Lorem ipsum dolor sit amet, consectetuer adipiscing elit. Curabitur sed tortor. Integer aliquam adipiscing lacus. Ut',
        '200072'),
       ('100032', '2020-08-23 23:52:01',
        'Lorem ipsum dolor sit amet, consectetuer adipiscing elit. Curabitur sed tortor. Integer aliquam adipiscing lacus. Ut nec urna et arcu imperdiet ullamcorper. Duis at lacus. Quisque purus sapien, gravida non, sollicitudin a, malesuada id, erat. Etiam vestibulum massa',
        '200056'),
       ('100033', '2018-03-27 06:36:13',
        'Lorem ipsum dolor sit amet, consectetuer adipiscing elit. Curabitur sed tortor. Integer aliquam adipiscing lacus. Ut nec urna et arcu imperdiet ullamcorper. Duis at lacus. Quisque purus sapien, gravida non, sollicitudin a, malesuada id, erat. Etiam vestibulum massa rutrum magna. Cras convallis convallis dolor. Quisque tincidunt pede ac urna. Ut tincidunt vehicula risus. Nulla eget metus eu erat semper rutrum. Fusce dolor quam, elementum at, egestas a, scelerisque sed, sapien. Nunc pulvinar arcu et pede. Nunc sed orci lobortis augue scelerisque mollis. Phasellus libero mauris, aliquam eu, accumsan sed, facilisis vitae, orci. Phasellus dapibus quam quis diam. Pellentesque habitant morbi tristique senectus et netus et malesuada fames ac turpis egestas. Fusce aliquet magna a neque. Nullam ut nisi a odio',
        '200065'),
       ('100033', '2018-10-10 20:54:36',
        'Lorem ipsum dolor sit amet, consectetuer adipiscing elit. Curabitur sed tortor. Integer aliquam adipiscing lacus. Ut nec urna et arcu imperdiet ullamcorper. Duis at lacus. Quisque purus sapien, gravida non, sollicitudin a, malesuada id, erat. Etiam vestibulum massa rutrum magna. Cras convallis convallis dolor. Quisque tincidunt pede ac urna. Ut tincidunt vehicula risus. Nulla eget metus eu erat semper rutrum. Fusce dolor quam, elementum at, egestas a, scelerisque sed, sapien. Nunc pulvinar arcu et pede. Nunc sed orci lobortis augue scelerisque mollis. Phasellus libero mauris, aliquam eu, accumsan sed, facilisis vitae, orci. Phasellus dapibus quam quis diam. Pellentesque habitant morbi tristique senectus et netus et malesuada fames ac turpis egestas. Fusce aliquet magna a neque. Nullam ut nisi a odio semper cursus. Integer mollis. Integer tincidunt aliquam arcu. Aliquam ultrices iaculis odio. Nam interdum enim non nisi. Aenean eget metus. In nec orci. Donec nibh. Quisque nonummy ipsum non arcu. Vivamus sit amet risus. Donec egestas. Aliquam nec enim. Nunc ut erat. Sed nunc est, mollis non, cursus non, egestas a, dui. Cras pellentesque. Sed dictum. Proin eget odio.',
        '200044'),
       ('100034', '2018-07-15 20:17:20',
        'Lorem ipsum dolor sit amet, consectetuer adipiscing elit. Curabitur sed tortor. Integer aliquam adipiscing lacus. Ut nec urna et arcu imperdiet ullamcorper. Duis at lacus. Quisque purus sapien, gravida non, sollicitudin a, malesuada id, erat. Etiam vestibulum massa rutrum magna. Cras convallis convallis dolor. Quisque tincidunt pede ac urna. Ut tincidunt vehicula risus. Nulla eget metus eu erat semper rutrum. Fusce dolor quam, elementum at, egestas a, scelerisque sed, sapien. Nunc pulvinar arcu et pede. Nunc sed orci lobortis augue scelerisque mollis. Phasellus libero mauris, aliquam eu, accumsan sed, facilisis vitae, orci. Phasellus dapibus quam quis diam. Pellentesque habitant morbi tristique senectus et netus et malesuada fames ac turpis egestas. Fusce aliquet magna a neque. Nullam ut nisi a odio semper cursus. Integer mollis. Integer tincidunt aliquam arcu. Aliquam ultrices iaculis odio. Nam interdum enim non nisi. Aenean eget metus. In nec orci. Donec nibh. Quisque nonummy ipsum non arcu. Vivamus sit amet risus. Donec egestas. Aliquam nec enim. Nunc ut erat. Sed nunc est, mollis non, cursus non, egestas a, dui. Cras pellentesque. Sed dictum. Proin eget odio. Aliquam vulputate ullamcorper magna. Sed eu',
        '200095'),
       ('100034', '2018-11-17 13:24:02',
        'Lorem ipsum dolor sit amet, consectetuer adipiscing elit. Curabitur sed tortor. Integer aliquam adipiscing lacus. Ut nec urna et arcu imperdiet ullamcorper. Duis at lacus. Quisque purus sapien, gravida non, sollicitudin a, malesuada id, erat.',
        '200046');
INSERT INTO `appointment` (`VAT_doctor`, `date_timestamp`, `description`, `VAT_client`)
VALUES ('100034', '2020-01-28 07:02:06',
        'Lorem ipsum dolor sit amet, consectetuer adipiscing elit. Curabitur sed tortor. Integer aliquam adipiscing lacus.',
        '200078'),
       ('100036', '2018-06-30 01:07:23',
        'Lorem ipsum dolor sit amet, consectetuer adipiscing elit. Curabitur sed tortor. Integer aliquam adipiscing lacus. Ut nec urna et arcu imperdiet ullamcorper. Duis at lacus. Quisque purus sapien, gravida non, sollicitudin a, malesuada id, erat. Etiam vestibulum massa rutrum magna. Cras convallis convallis dolor. Quisque tincidunt pede ac urna. Ut tincidunt vehicula risus. Nulla eget metus eu erat semper rutrum. Fusce dolor quam, elementum at, egestas a, scelerisque sed, sapien. Nunc pulvinar arcu et pede. Nunc sed orci lobortis augue scelerisque mollis. Phasellus libero mauris, aliquam eu, accumsan sed, facilisis vitae, orci. Phasellus dapibus quam quis diam. Pellentesque habitant morbi tristique senectus et netus et malesuada fames ac turpis egestas. Fusce aliquet magna a neque. Nullam ut nisi a odio semper cursus. Integer mollis. Integer tincidunt aliquam arcu. Aliquam ultrices iaculis odio. Nam interdum enim non nisi. Aenean eget metus. In nec orci. Donec nibh. Quisque nonummy ipsum non arcu. Vivamus sit amet risus. Donec egestas. Aliquam nec enim. Nunc ut erat. Sed nunc est, mollis non, cursus non, egestas a, dui. Cras pellentesque. Sed dictum.',
        '200067'),
       ('100036', '2019-04-22 08:31:17',
        'Lorem ipsum dolor sit amet, consectetuer adipiscing elit. Curabitur sed tortor. Integer aliquam adipiscing lacus. Ut nec urna et arcu',
        '200000'),
       ('100036', '2019-12-06 14:38:19',
        'Lorem ipsum dolor sit amet, consectetuer adipiscing elit. Curabitur sed tortor. Integer aliquam adipiscing lacus. Ut nec urna et arcu imperdiet ullamcorper. Duis at lacus. Quisque purus sapien, gravida non, sollicitudin a, malesuada id, erat. Etiam vestibulum massa rutrum magna. Cras convallis convallis dolor. Quisque tincidunt pede ac urna. Ut tincidunt vehicula risus. Nulla eget metus eu erat semper rutrum. Fusce dolor quam, elementum at, egestas a, scelerisque sed, sapien. Nunc pulvinar arcu et pede. Nunc sed orci lobortis augue scelerisque mollis. Phasellus libero mauris, aliquam eu, accumsan sed, facilisis vitae, orci. Phasellus dapibus quam quis diam. Pellentesque habitant morbi tristique senectus et netus et malesuada fames ac turpis egestas. Fusce aliquet magna a neque. Nullam ut nisi a odio semper cursus. Integer mollis. Integer tincidunt aliquam arcu. Aliquam ultrices iaculis',
        '200003'),
       ('100037', '2019-04-10 14:25:14',
        'Lorem ipsum dolor sit amet, consectetuer adipiscing elit. Curabitur sed tortor. Integer aliquam adipiscing lacus. Ut nec urna et arcu imperdiet ullamcorper. Duis at lacus. Quisque purus sapien, gravida non,',
        '200025'),
       ('100037', '2019-05-23 10:34:26',
        'Lorem ipsum dolor sit amet, consectetuer adipiscing elit. Curabitur sed tortor. Integer aliquam adipiscing lacus. Ut nec urna et arcu imperdiet ullamcorper. Duis at lacus. Quisque purus sapien, gravida non, sollicitudin a, malesuada id, erat. Etiam vestibulum massa rutrum magna. Cras convallis convallis dolor. Quisque tincidunt pede ac urna. Ut tincidunt vehicula risus. Nulla eget metus eu erat semper rutrum. Fusce dolor quam, elementum at, egestas a, scelerisque sed, sapien. Nunc pulvinar arcu et pede. Nunc sed orci lobortis augue scelerisque mollis. Phasellus libero mauris, aliquam eu, accumsan sed, facilisis vitae, orci. Phasellus dapibus quam quis diam. Pellentesque habitant morbi tristique senectus et netus et malesuada fames ac turpis egestas. Fusce aliquet magna a neque. Nullam ut nisi a odio semper cursus. Integer mollis. Integer tincidunt aliquam arcu. Aliquam ultrices iaculis odio. Nam interdum enim non nisi. Aenean eget metus. In nec orci. Donec nibh. Quisque nonummy ipsum non arcu. Vivamus sit amet risus. Donec egestas. Aliquam nec enim. Nunc ut erat. Sed nunc est, mollis non, cursus non, egestas a, dui. Cras pellentesque. Sed dictum. Proin eget odio. Aliquam vulputate ullamcorper magna. Sed eu eros. Nam',
        '200051'),
       ('100037', '2019-07-11 04:29:16',
        'Lorem ipsum dolor sit amet, consectetuer adipiscing elit. Curabitur sed tortor. Integer aliquam adipiscing lacus. Ut nec urna et arcu imperdiet ullamcorper. Duis at lacus. Quisque purus sapien, gravida non, sollicitudin a, malesuada id, erat. Etiam vestibulum massa rutrum magna. Cras convallis convallis dolor. Quisque tincidunt pede ac urna. Ut tincidunt vehicula risus. Nulla eget metus eu erat semper rutrum. Fusce dolor quam, elementum at, egestas a, scelerisque sed, sapien. Nunc pulvinar arcu et pede. Nunc sed orci lobortis augue',
        '200090'),
       ('100037', '2020-07-19 14:47:22',
        'Lorem ipsum dolor sit amet, consectetuer adipiscing elit. Curabitur sed tortor. Integer aliquam adipiscing lacus. Ut nec urna et arcu imperdiet ullamcorper. Duis at lacus. Quisque purus sapien, gravida non, sollicitudin a, malesuada id, erat. Etiam vestibulum massa rutrum magna. Cras convallis convallis dolor. Quisque tincidunt pede ac urna. Ut tincidunt vehicula risus. Nulla eget metus eu erat semper rutrum. Fusce dolor quam, elementum',
        '200008'),
       ('100038', '2018-12-04 02:12:37',
        'Lorem ipsum dolor sit amet, consectetuer adipiscing elit. Curabitur sed tortor. Integer aliquam adipiscing lacus. Ut nec urna et arcu imperdiet ullamcorper. Duis at lacus. Quisque purus sapien, gravida non, sollicitudin a, malesuada id, erat. Etiam vestibulum massa rutrum magna. Cras convallis convallis dolor. Quisque tincidunt pede ac urna. Ut tincidunt vehicula risus. Nulla eget metus eu erat semper rutrum. Fusce dolor quam, elementum at, egestas a, scelerisque sed, sapien. Nunc pulvinar arcu et pede. Nunc sed orci lobortis augue scelerisque mollis. Phasellus libero mauris, aliquam eu, accumsan sed, facilisis vitae, orci. Phasellus dapibus quam quis diam. Pellentesque habitant morbi tristique senectus et netus et malesuada fames ac turpis egestas. Fusce aliquet magna a neque. Nullam ut nisi a odio semper cursus. Integer mollis. Integer tincidunt aliquam arcu.',
        '200075'),
       ('100039', '2018-09-03 23:26:37',
        'Lorem ipsum dolor sit amet, consectetuer adipiscing elit. Curabitur sed tortor. Integer aliquam adipiscing lacus. Ut nec urna et arcu imperdiet ullamcorper. Duis at lacus. Quisque purus sapien, gravida non, sollicitudin a, malesuada id, erat. Etiam vestibulum massa',
        '200022'),
       ('100040', '2018-05-16 05:16:34',
        'Lorem ipsum dolor sit amet, consectetuer adipiscing elit. Curabitur sed tortor. Integer aliquam adipiscing lacus. Ut nec urna et arcu imperdiet ullamcorper. Duis at lacus. Quisque purus sapien, gravida non, sollicitudin a, malesuada id, erat. Etiam vestibulum massa rutrum magna. Cras convallis convallis dolor. Quisque tincidunt pede ac urna. Ut tincidunt vehicula risus. Nulla eget metus eu erat semper rutrum. Fusce dolor quam, elementum at, egestas a, scelerisque sed, sapien. Nunc pulvinar arcu et pede. Nunc sed orci lobortis augue scelerisque mollis. Phasellus libero mauris, aliquam eu, accumsan sed, facilisis',
        '200006'),
       ('100040', '2018-05-20 15:21:52',
        'Lorem ipsum dolor sit amet, consectetuer adipiscing elit. Curabitur sed tortor. Integer aliquam adipiscing lacus. Ut nec urna et arcu imperdiet ullamcorper. Duis at lacus. Quisque purus sapien, gravida non, sollicitudin a, malesuada id, erat. Etiam vestibulum massa rutrum magna. Cras convallis convallis dolor. Quisque tincidunt pede ac urna. Ut tincidunt vehicula risus. Nulla eget metus eu erat semper rutrum. Fusce dolor quam, elementum at, egestas a, scelerisque sed, sapien. Nunc pulvinar arcu et pede. Nunc sed orci lobortis augue scelerisque mollis. Phasellus libero mauris, aliquam eu, accumsan sed, facilisis vitae, orci. Phasellus dapibus quam quis diam. Pellentesque habitant morbi tristique senectus et netus et malesuada fames ac turpis egestas. Fusce aliquet magna a neque. Nullam ut nisi a odio semper cursus. Integer mollis. Integer tincidunt aliquam arcu. Aliquam ultrices iaculis odio. Nam interdum enim non nisi. Aenean eget metus. In nec orci. Donec nibh. Quisque nonummy ipsum non arcu. Vivamus sit amet risus. Donec egestas. Aliquam nec enim. Nunc ut erat. Sed nunc est, mollis non, cursus non, egestas a, dui. Cras pellentesque. Sed dictum. Proin eget odio. Aliquam vulputate ullamcorper magna. Sed',
        '200060'),
       ('100041', '2019-04-12 23:47:27',
        'Lorem ipsum dolor sit amet, consectetuer adipiscing elit. Curabitur sed tortor. Integer aliquam adipiscing lacus. Ut nec urna et arcu imperdiet ullamcorper. Duis at lacus. Quisque purus sapien, gravida non, sollicitudin a, malesuada id, erat. Etiam vestibulum massa rutrum magna. Cras convallis convallis dolor. Quisque tincidunt pede ac urna. Ut',
        '200083'),
       ('100042', '2018-06-05 19:38:21',
        'Lorem ipsum dolor sit amet, consectetuer adipiscing elit. Curabitur sed tortor. Integer aliquam adipiscing lacus. Ut nec urna et arcu imperdiet ullamcorper. Duis at lacus. Quisque purus sapien, gravida non, sollicitudin a, malesuada id, erat. Etiam vestibulum massa rutrum magna. Cras convallis convallis dolor. Quisque tincidunt pede ac urna. Ut tincidunt vehicula risus. Nulla eget metus eu erat semper rutrum. Fusce dolor quam, elementum at, egestas a, scelerisque sed, sapien. Nunc pulvinar arcu et pede. Nunc sed orci lobortis augue scelerisque mollis. Phasellus libero mauris, aliquam eu, accumsan sed, facilisis vitae, orci. Phasellus dapibus quam quis diam. Pellentesque habitant morbi tristique senectus et netus et malesuada fames ac turpis egestas. Fusce aliquet magna a neque. Nullam ut',
        '200049'),
       ('100042', '2019-08-16 10:13:46',
        'Lorem ipsum dolor sit amet, consectetuer adipiscing elit. Curabitur sed tortor. Integer aliquam adipiscing lacus. Ut nec urna et arcu imperdiet ullamcorper. Duis at lacus. Quisque purus sapien, gravida non, sollicitudin a, malesuada id, erat. Etiam vestibulum massa rutrum magna. Cras convallis convallis dolor. Quisque tincidunt pede ac urna. Ut tincidunt vehicula risus. Nulla eget metus eu erat semper rutrum. Fusce dolor quam, elementum at, egestas a, scelerisque sed, sapien. Nunc pulvinar arcu et pede. Nunc sed orci lobortis augue scelerisque mollis. Phasellus libero mauris, aliquam eu, accumsan sed, facilisis vitae, orci. Phasellus dapibus quam quis diam. Pellentesque',
        '200033'),
       ('100042', '2019-08-19 08:47:58',
        'Lorem ipsum dolor sit amet, consectetuer adipiscing elit. Curabitur sed tortor. Integer aliquam adipiscing lacus. Ut nec urna et arcu imperdiet ullamcorper. Duis at lacus. Quisque purus sapien, gravida non, sollicitudin a, malesuada id, erat. Etiam vestibulum massa rutrum magna. Cras convallis convallis dolor. Quisque tincidunt pede ac urna. Ut tincidunt vehicula risus. Nulla eget metus eu erat semper rutrum. Fusce dolor quam, elementum at, egestas a, scelerisque sed, sapien. Nunc pulvinar arcu et pede. Nunc sed orci lobortis augue scelerisque mollis. Phasellus libero mauris, aliquam eu, accumsan sed, facilisis vitae, orci. Phasellus dapibus quam quis diam. Pellentesque habitant morbi tristique senectus',
        '200077'),
       ('100043', '2018-05-06 05:50:48',
        'Lorem ipsum dolor sit amet, consectetuer adipiscing elit. Curabitur sed tortor. Integer aliquam adipiscing lacus. Ut nec urna et arcu imperdiet ullamcorper. Duis at lacus. Quisque purus sapien, gravida non, sollicitudin a, malesuada id, erat. Etiam',
        '200084'),
       ('100043', '2018-12-18 13:38:59',
        'Lorem ipsum dolor sit amet, consectetuer adipiscing elit. Curabitur sed tortor. Integer aliquam adipiscing lacus. Ut nec urna et arcu imperdiet ullamcorper. Duis at lacus. Quisque purus sapien, gravida non, sollicitudin a, malesuada id, erat. Etiam vestibulum massa rutrum magna. Cras convallis convallis dolor. Quisque tincidunt pede ac urna. Ut tincidunt vehicula risus. Nulla eget metus eu erat semper rutrum. Fusce',
        '200047'),
       ('100043', '2019-07-31 16:18:17',
        'Lorem ipsum dolor sit amet, consectetuer adipiscing elit. Curabitur sed tortor. Integer aliquam adipiscing lacus. Ut nec urna et arcu imperdiet ullamcorper. Duis at lacus. Quisque purus sapien, gravida non, sollicitudin a, malesuada id, erat. Etiam vestibulum massa rutrum magna. Cras convallis convallis dolor. Quisque tincidunt pede ac urna. Ut tincidunt vehicula risus.',
        '200069'),
       ('100043', '2020-07-27 23:20:50', 'Lorem ipsum dolor sit amet, consectetuer adipiscing elit. Curabitur sed',
        '200091'),
       ('100043', '2020-09-24 04:32:57',
        'Lorem ipsum dolor sit amet, consectetuer adipiscing elit. Curabitur sed tortor. Integer aliquam adipiscing lacus. Ut nec urna et arcu imperdiet ullamcorper. Duis at lacus. Quisque purus sapien, gravida non, sollicitudin a, malesuada id, erat. Etiam vestibulum massa rutrum magna. Cras convallis convallis dolor. Quisque tincidunt pede ac urna. Ut tincidunt vehicula risus. Nulla eget metus eu erat semper rutrum. Fusce dolor quam, elementum at, egestas a, scelerisque sed, sapien. Nunc pulvinar arcu et pede. Nunc sed orci lobortis augue scelerisque mollis. Phasellus libero mauris, aliquam eu, accumsan sed, facilisis vitae, orci. Phasellus dapibus quam quis diam. Pellentesque habitant morbi tristique senectus et netus et malesuada fames ac turpis egestas. Fusce aliquet magna a neque. Nullam ut nisi a odio semper cursus. Integer mollis. Integer tincidunt aliquam arcu. Aliquam ultrices iaculis odio. Nam interdum enim non nisi. Aenean eget metus. In nec orci. Donec nibh. Quisque nonummy ipsum non arcu. Vivamus sit amet risus. Donec egestas. Aliquam nec enim. Nunc ut erat. Sed nunc est, mollis non, cursus non, egestas a, dui. Cras pellentesque. Sed dictum. Proin eget odio.',
        '200081'),
       ('100044', '2018-09-03 04:35:53',
        'Lorem ipsum dolor sit amet, consectetuer adipiscing elit. Curabitur sed tortor. Integer aliquam adipiscing lacus. Ut nec urna et arcu imperdiet ullamcorper. Duis at lacus. Quisque purus sapien, gravida non, sollicitudin a, malesuada id, erat. Etiam vestibulum massa rutrum magna. Cras convallis convallis dolor. Quisque tincidunt pede ac urna. Ut tincidunt vehicula risus. Nulla eget metus eu erat semper rutrum. Fusce dolor quam, elementum at, egestas a, scelerisque sed, sapien. Nunc pulvinar arcu et pede. Nunc sed orci lobortis augue scelerisque mollis. Phasellus libero mauris, aliquam eu, accumsan sed, facilisis vitae, orci. Phasellus dapibus quam quis diam. Pellentesque habitant morbi tristique senectus et netus et malesuada fames ac turpis egestas. Fusce aliquet magna a neque. Nullam ut nisi a odio semper cursus. Integer mollis. Integer tincidunt aliquam arcu. Aliquam ultrices iaculis odio. Nam interdum enim non nisi. Aenean eget metus. In nec orci. Donec nibh. Quisque nonummy ipsum non arcu. Vivamus sit amet risus. Donec egestas. Aliquam nec enim. Nunc ut erat. Sed nunc est, mollis non, cursus non, egestas a, dui. Cras pellentesque.',
        '200011'),
       ('100044', '2019-09-29 14:50:36',
        'Lorem ipsum dolor sit amet, consectetuer adipiscing elit. Curabitur sed tortor. Integer aliquam adipiscing lacus. Ut nec urna et arcu imperdiet ullamcorper. Duis at lacus. Quisque purus sapien, gravida non, sollicitudin a, malesuada id, erat. Etiam vestibulum massa rutrum magna. Cras convallis convallis dolor. Quisque tincidunt pede ac urna. Ut tincidunt vehicula risus. Nulla eget metus eu erat semper rutrum. Fusce dolor quam, elementum at, egestas a, scelerisque sed, sapien. Nunc pulvinar arcu et pede. Nunc sed orci lobortis augue scelerisque mollis. Phasellus libero mauris, aliquam eu, accumsan sed, facilisis vitae, orci. Phasellus dapibus quam quis diam. Pellentesque habitant morbi tristique senectus et netus et malesuada fames ac turpis egestas. Fusce aliquet magna a neque. Nullam ut nisi a odio semper cursus. Integer mollis. Integer tincidunt aliquam arcu. Aliquam ultrices iaculis odio. Nam interdum enim non nisi. Aenean eget metus. In nec orci. Donec nibh. Quisque nonummy ipsum non arcu. Vivamus sit amet risus. Donec egestas. Aliquam nec enim. Nunc ut erat. Sed nunc est, mollis non, cursus non, egestas a,',
        '200098'),
       ('100044', '2020-10-28 14:07:56',
        'Lorem ipsum dolor sit amet, consectetuer adipiscing elit. Curabitur sed tortor. Integer aliquam adipiscing lacus. Ut nec urna et arcu imperdiet ullamcorper. Duis at lacus. Quisque purus sapien, gravida non,',
        '200094'),
       ('100045', '2019-06-09 00:02:07',
        'Lorem ipsum dolor sit amet, consectetuer adipiscing elit. Curabitur sed tortor. Integer aliquam adipiscing lacus. Ut nec urna et arcu imperdiet ullamcorper. Duis at lacus. Quisque purus sapien, gravida non, sollicitudin a, malesuada id, erat. Etiam vestibulum massa rutrum magna. Cras convallis convallis dolor. Quisque tincidunt pede ac urna. Ut tincidunt vehicula risus. Nulla eget metus eu erat semper rutrum. Fusce dolor quam, elementum at, egestas a, scelerisque sed, sapien. Nunc pulvinar arcu et pede. Nunc sed orci lobortis augue scelerisque mollis. Phasellus libero mauris, aliquam eu, accumsan sed, facilisis vitae, orci. Phasellus dapibus quam quis diam. Pellentesque habitant morbi tristique senectus et netus et malesuada fames ac turpis egestas. Fusce aliquet magna a neque. Nullam ut nisi a odio semper cursus. Integer mollis. Integer tincidunt aliquam arcu. Aliquam ultrices iaculis odio. Nam interdum enim non nisi. Aenean eget metus. In nec orci. Donec nibh. Quisque nonummy ipsum non arcu. Vivamus sit amet risus. Donec egestas. Aliquam nec enim. Nunc ut erat. Sed nunc est, mollis non, cursus non, egestas a, dui. Cras pellentesque. Sed dictum. Proin eget odio. Aliquam vulputate ullamcorper magna. Sed eu eros. Nam consequat dolor vitae dolor. Donec fringilla. Donec feugiat metus',
        '200045'),
       ('100046', '2020-02-26 17:48:54',
        'Lorem ipsum dolor sit amet, consectetuer adipiscing elit. Curabitur sed tortor. Integer aliquam adipiscing lacus. Ut nec urna et arcu imperdiet ullamcorper. Duis at lacus. Quisque purus sapien, gravida non, sollicitudin a, malesuada id, erat. Etiam vestibulum massa rutrum magna. Cras convallis convallis dolor. Quisque tincidunt pede ac urna. Ut tincidunt vehicula risus. Nulla eget metus eu erat semper rutrum. Fusce dolor quam, elementum at, egestas a, scelerisque sed, sapien. Nunc pulvinar arcu et pede. Nunc sed orci lobortis augue scelerisque mollis. Phasellus libero mauris, aliquam eu, accumsan sed, facilisis vitae, orci. Phasellus dapibus quam quis diam. Pellentesque habitant morbi tristique senectus et netus et malesuada fames ac turpis egestas. Fusce aliquet magna a neque. Nullam ut nisi a odio semper cursus. Integer mollis. Integer tincidunt aliquam arcu. Aliquam ultrices iaculis odio. Nam interdum enim non nisi. Aenean eget metus. In nec orci. Donec nibh. Quisque nonummy ipsum non arcu. Vivamus sit amet risus. Donec egestas. Aliquam nec enim. Nunc ut erat. Sed nunc est, mollis non, cursus non, egestas a, dui. Cras pellentesque. Sed dictum. Proin eget odio. Aliquam vulputate ullamcorper magna. Sed eu eros. Nam consequat dolor vitae dolor. Donec fringilla. Donec feugiat',
        '200017'),
       ('100047', '2018-04-04 21:45:28',
        'Lorem ipsum dolor sit amet, consectetuer adipiscing elit. Curabitur sed tortor. Integer aliquam adipiscing lacus. Ut nec urna et arcu imperdiet ullamcorper. Duis at lacus. Quisque purus sapien, gravida non,',
        '200041'),
       ('100047', '2018-12-27 16:12:51',
        'Lorem ipsum dolor sit amet, consectetuer adipiscing elit. Curabitur sed tortor. Integer aliquam adipiscing lacus. Ut nec urna et arcu imperdiet ullamcorper. Duis at lacus. Quisque purus sapien, gravida non, sollicitudin a, malesuada id, erat. Etiam vestibulum massa rutrum magna. Cras convallis convallis dolor. Quisque tincidunt pede ac urna.',
        '200025'),
       ('100047', '2019-09-06 01:03:44',
        'Lorem ipsum dolor sit amet, consectetuer adipiscing elit. Curabitur sed tortor. Integer aliquam adipiscing lacus. Ut nec urna et arcu imperdiet ullamcorper. Duis at lacus. Quisque purus sapien, gravida non, sollicitudin a, malesuada id, erat. Etiam vestibulum massa rutrum magna. Cras convallis convallis dolor. Quisque tincidunt pede ac urna. Ut tincidunt vehicula risus. Nulla eget metus eu erat semper rutrum. Fusce dolor quam, elementum at, egestas a, scelerisque sed, sapien. Nunc pulvinar arcu et pede. Nunc sed orci lobortis augue scelerisque mollis.',
        '200075'),
       ('100048', '2020-05-23 08:45:10',
        'Lorem ipsum dolor sit amet, consectetuer adipiscing elit. Curabitur sed tortor. Integer aliquam adipiscing lacus. Ut nec urna et arcu imperdiet ullamcorper. Duis at lacus. Quisque purus sapien, gravida non, sollicitudin a, malesuada id, erat. Etiam vestibulum massa rutrum magna. Cras convallis convallis dolor. Quisque tincidunt pede ac urna. Ut tincidunt vehicula risus. Nulla eget',
        '200077'),
       ('100049', '2018-03-25 07:28:39',
        'Lorem ipsum dolor sit amet, consectetuer adipiscing elit. Curabitur sed tortor. Integer aliquam adipiscing lacus. Ut nec urna et arcu imperdiet ullamcorper. Duis at lacus. Quisque purus sapien, gravida non, sollicitudin a, malesuada id, erat. Etiam vestibulum massa rutrum magna. Cras convallis convallis dolor. Quisque tincidunt pede ac urna. Ut tincidunt vehicula risus. Nulla eget metus eu erat semper rutrum. Fusce dolor quam, elementum at, egestas a, scelerisque sed, sapien. Nunc pulvinar arcu et pede. Nunc sed orci lobortis augue scelerisque mollis. Phasellus libero mauris, aliquam eu, accumsan sed, facilisis vitae, orci. Phasellus dapibus quam quis diam. Pellentesque habitant',
        '200072'),
       ('100050', '2019-03-17 02:28:22',
        'Lorem ipsum dolor sit amet, consectetuer adipiscing elit. Curabitur sed tortor. Integer aliquam adipiscing lacus. Ut nec urna et arcu imperdiet ullamcorper. Duis at lacus. Quisque purus sapien, gravida non, sollicitudin a, malesuada id, erat. Etiam vestibulum massa rutrum magna. Cras convallis convallis dolor.',
        '200022'),
       ('100050', '2020-10-09 07:00:23',
        'Lorem ipsum dolor sit amet, consectetuer adipiscing elit. Curabitur sed tortor. Integer aliquam adipiscing lacus. Ut nec urna et arcu imperdiet ullamcorper. Duis at lacus. Quisque purus sapien, gravida non, sollicitudin a, malesuada id, erat. Etiam vestibulum massa rutrum magna. Cras convallis convallis dolor. Quisque tincidunt pede ac urna. Ut tincidunt vehicula risus. Nulla eget metus eu erat semper rutrum. Fusce dolor quam, elementum at, egestas a, scelerisque sed, sapien. Nunc pulvinar arcu et pede. Nunc sed orci lobortis augue scelerisque mollis. Phasellus libero mauris, aliquam eu, accumsan sed, facilisis vitae, orci. Phasellus dapibus quam quis diam. Pellentesque habitant morbi tristique senectus et netus et malesuada fames ac turpis egestas. Fusce aliquet magna a neque. Nullam ut nisi a odio semper cursus. Integer',
        '200074'),
       ('100100', '2018-10-09 07:00:23',
        'Lorem ipsum dolor sit amet, consectetuer adipiscing elit. Curabitur sed tortor. Integer aliquam adipiscing lacus. Ut nec urna et arcu imperdiet ullamcorper. Duis at lacus. Quisque purus sapien, gravida non, sollicitudin a, malesuada id, erat. Etiam vestibulum massa rutrum magna. Cras convallis convallis dolor. Quisque tincidunt pede ac urna. Ut tincidunt vehicula risus. Nulla eget metus eu erat semper rutrum. Fusce dolor quam, elementum at, egestas a, scelerisque sed, sapien. Nunc pulvinar arcu et pede. Nunc sed orci lobortis augue scelerisque mollis. Phasellus libero mauris, aliquam eu, accumsan sed, facilisis vitae, orci. Phasellus dapibus quam quis diam. Pellentesque habitant morbi tristique senectus et netus et malesuada fames ac turpis egestas. Fusce aliquet magna a neque. Nullam ut nisi a odio semper cursus. Integer',
        '200000'),
       ('100100', '2010-10-09 07:00:24',
        'Lorem ipsum dolor sit amet, consectetuer adipiscing elit. Curabitur sed tortor. Integer aliquam adipiscing lacus. Ut nec urna et arcu imperdiet ullamcorper. Duis at lacus. Quisque purus sapien, gravida non, sollicitudin a, malesuada id, erat. Etiam vestibulum massa rutrum magna. Cras convallis convallis dolor. Quisque tincidunt pede ac urna. Ut tincidunt vehicula risus. Nulla eget metus eu erat semper rutrum. Fusce dolor quam, elementum at, egestas a, scelerisque sed, sapien. Nunc pulvinar arcu et pede. Nunc sed orci lobortis augue scelerisque mollis. Phasellus libero mauris, aliquam eu, accumsan sed, facilisis vitae, orci. Phasellus dapibus quam quis diam. Pellentesque habitant morbi tristique senectus et netus et malesuada fames ac turpis egestas. Fusce aliquet magna a neque. Nullam ut nisi a odio semper cursus. Integer',
        '200000'),
       ('100100', '2019-10-09 07:00:25',
        'Lorem ipsum dolor sit amet, consectetuer adipiscing elit. Curabitur sed tortor. Integer aliquam adipiscing lacus. Ut nec urna et arcu imperdiet ullamcorper. Duis at lacus. Quisque purus sapien, gravida non, sollicitudin a, malesuada id, erat. Etiam vestibulum massa rutrum magna. Cras convallis convallis dolor. Quisque tincidunt pede ac urna. Ut tincidunt vehicula risus. Nulla eget metus eu erat semper rutrum. Fusce dolor quam, elementum at, egestas a, scelerisque sed, sapien. Nunc pulvinar arcu et pede. Nunc sed orci lobortis augue scelerisque mollis. Phasellus libero mauris, aliquam eu, accumsan sed, facilisis vitae, orci. Phasellus dapibus quam quis diam. Pellentesque habitant morbi tristique senectus et netus et malesuada fames ac turpis egestas. Fusce aliquet magna a neque. Nullam ut nisi a odio semper cursus. Integer',
        '200002'),
       ('100100', '2020-10-09 07:00:26',
        'Lorem ipsum dolor sit amet, consectetuer adipiscing elit. Curabitur sed tortor. Integer aliquam adipiscing lacus. Ut nec urna et arcu imperdiet ullamcorper. Duis at lacus. Quisque purus sapien, gravida non, sollicitudin a, malesuada id, erat. Etiam vestibulum massa rutrum magna. Cras convallis convallis dolor. Quisque tincidunt pede ac urna. Ut tincidunt vehicula risus. Nulla eget metus eu erat semper rutrum. Fusce dolor quam, elementum at, egestas a, scelerisque sed, sapien. Nunc pulvinar arcu et pede. Nunc sed orci lobortis augue scelerisque mollis. Phasellus libero mauris, aliquam eu, accumsan sed, facilisis vitae, orci. Phasellus dapibus quam quis diam. Pellentesque habitant morbi tristique senectus et netus et malesuada fames ac turpis egestas. Fusce aliquet magna a neque. Nullam ut nisi a odio semper cursus. Integer',
        '200087'),
       ('100100', '2013-10-09 07:00:27',
        'Lorem ipsum dolor sit amet, consectetuer adipiscing elit. Curabitur sed tortor. Integer aliquam adipiscing lacus. Ut nec urna et arcu imperdiet ullamcorper. Duis at lacus. Quisque purus sapien, gravida non, sollicitudin a, malesuada id, erat. Etiam vestibulum massa rutrum magna. Cras convallis convallis dolor. Quisque tincidunt pede ac urna. Ut tincidunt vehicula risus. Nulla eget metus eu erat semper rutrum. Fusce dolor quam, elementum at, egestas a, scelerisque sed, sapien. Nunc pulvinar arcu et pede. Nunc sed orci lobortis augue scelerisque mollis. Phasellus libero mauris, aliquam eu, accumsan sed, facilisis vitae, orci. Phasellus dapibus quam quis diam. Pellentesque habitant morbi tristique senectus et netus et malesuada fames ac turpis egestas. Fusce aliquet magna a neque. Nullam ut nisi a odio semper cursus. Integer',
        '200087'),
       ('100034', '2014-03-28 15:02:06', 'Lorem ipsum dolor sit amet,', '200039'),
       ('100034', '2012-03-18 15:03:06', 'Lorem ipsum dolor sit amet,', '200039'),
       ('100100', '2017-02-28 15:04:06', 'Lorem ipsum dolor sit amet,', '200011'),
       ('100023', '2010-01-21 15:03:06', 'Lorem ipsum dolor sit amet,', '200011'),
       ('100001', '2019-03-23 15:05:06', 'Lorem ipsum dolor sit amet,', '200000'),

       ('100001', '2018-02-23 14:08:06', 'Lorem ipsum dolor sit amet,', '200001'),
       ('100001', '2011-01-23 19:01:06', 'Lorem ipsum dolor sit amet,', '200001'),
       ('100001', '2015-12-23 19:05:06', 'Lorem ipsum dolor sit amet,', '200001'),
       ('100001', '2014-11-23 13:02:06', 'Lorem ipsum dolor sit amet,', '200010'),
       ('100001', '2013-02-23 10:05:06', 'Lorem ipsum dolor sit amet,', '200010'),
       ('100001', '2019-01-23 13:03:06', 'Lorem ipsum dolor sit amet,', '200010'),
       ('100001', '2012-04-23 15:04:06', 'Lorem ipsum dolor sit amet,', '200013'),
       ('100001', '2011-06-23 14:05:06', 'Lorem ipsum dolor sit amet,', '200014'),
       ('100001', '2010-08-23 15:09:06', 'Lorem ipsum dolor sit amet,', '200022'),
       ('100001', '2008-05-23 16:05:06', 'Lorem ipsum dolor sit amet,', '200018'),
       ('100001', '2013-07-23 11:05:06', 'Lorem ipsum dolor sit amet,', '200019');
INSERT INTO `consultation` (`VAT_doctor`, `date_timestamp`, `SOAP_S`, `SOAP_O`, `SOAP_A`, `SOAP_P`)
VALUES ('100100', '2010-10-09 07:00:24', 'Quick case', 'Needs special treatment gingivitisgingivitis', 'Hallo',
        'Hallo'),
       ('100023', '2018-03-23 23:38:07', 'Well and smooth', 'periodontitis to eliminate', 'Hallo', 'Hallo'),
       ('100002', '2018-04-16 05:18:05', 'Needs help of doctor Jane Sweettoth', 'Hallo', 'Hallo', 'Hallo'),
       ('100043', '2018-05-06 05:50:48', 'Patient was agressive ', '', 'Hallo', 'Hallo'),

       ('100031', '2019-07-10 23:10:08', 'Brave Patient, periodontitis, everything went smooth',
        'eliminate periodontitis, get rid of ', 'Give him promo code', 'Hallo'),
       ('100047', '2019-09-06 01:03:44', 'Brave Patient, everything went smooth, gingivitis', 'tooth to remove',
        'Give him promo code', 'Hallo'),
       ('100100', '2018-10-09 07:00:23', 'Brave Patient, periodontitis and gingivitis, everything went smooth',
        'Bad case, nothing to do', 'Hallo', 'Patient is fighting with gingivitis'),
       ('100026', '2019-05-08 11:25:21', 'Brave Patient, everything went smooth', ' Bad conditions gingivitis',
        'One of our favourite patients', 'Hallo'),
       ('100100', '2013-10-09 07:00:27', 'Brave Patient, periodontitis, everything went smooth', 'periodontitis',
        'Hallo', 'Hallo'),
       ('100031', '2019-03-30 05:50:28', 'Brave Patient, everything went smooth', 'gingivitisgingivitis ',
        'Give him promo code', 'One of our favourite patients'),
       ('100044', '2018-09-03 04:35:53', 'Brave Patient, everything went smooth', 'Patient is fighting with gingivitis',
        'Hallo', 'Hallo'),
       ('100002', '2019-06-12 06:42:06', 'Brave Patient, everything went smooth',
        'Patient is in good condition overall ', 'Give him promo code', 'One of our favourite patients'),
       ('100034', '2012-03-18 15:03:06', 'Brave Patient, periodontitis and gingivitis, everything went smooth',
        'Bad case, nothing to do', 'Hallo', 'Patient is fighting with gingivitis'),
       ('100100', '2017-02-28 15:04:06', 'Brave Patient, periodontitis and gingivitis, everything went smooth',
        'Bad case, nothing to do', 'Hallo', 'Patient is fighting with gingivitis'),
       ('100023', '2010-01-21 15:03:06', 'Brave Patient, periodontitis, everything went smooth',
        'eliminate periodontitis, get rid of gingivitis', 'Give him promo code', 'Hallo'),
       ('100001', '2019-03-23 15:05:06', 'Brave Patient, periodontitis, everything went smooth',
        'eliminate periodontitis, get rid of rotten tooth', 'Give him promo code', 'Hallo'),
       ('100034', '2014-03-28 15:02:06', 'Brave Patient, xxxx, everything went smooth',
        'eliminate obstacles, get rid of rotten tooth', 'Give him promo code', 'Hallo'),
       ('100043', '2019-07-31 16:18:17', 'Brave Patient, xxxx, everything went smooth',
        'eliminate obstacles, get rid of rotten tooth', 'Give him promo code', 'Hallo'),

       ('100050', '2019-03-17 02:28:22', 'Brave Patient, periodontitis, everything went smooth',
        'eliminate periodontitis, get rid of ', 'Give him promo code', 'Hallo'),
       ('100036', '2019-04-22 08:31:17', 'Brave Patient, everything went smooth, gingivitis', 'tooth to remove',
        'Give him promo code', 'Hallo');
INSERT INTO `appointment` (`VAT_doctor`, `date_timestamp`, `description`, `VAT_client`)
VALUES (100010, "2019-05-03 06:18:27", "vulputate eu, odio.", 200042),
       (100019, "2017-03-17 03:31:52", "Cras lorem lorem,", 200029),
       (100029, "2014-07-14 16:14:05", "pellentesque", 200045),
       (100035, "2018-12-21 16:27:11", "pede et risus. Quisque", 200066),
       (100036, "2014-05-30 04:58:35", "pellentesque", 200067),
       (100046, "2015-04-29 20:25:09", "ad litora torquent per", 200019),
       (100005, "2011-12-25 09:31:33", "porta elit, a feugiat tellus", 200060),
       (100003, "2015-08-12 01:21:10", "feugiat non, lobortis quis, pede.", 200053),
       (100009, "2013-04-20 15:43:34", "enim. Etiam gravida molestie arcu.", 200021),
       (100043, "2017-12-22 12:38:52", "augue malesuada", 200012);
INSERT INTO `appointment` (`VAT_doctor`, `date_timestamp`, `description`, `VAT_client`)
VALUES (100027, "2013-05-25 16:58:18", "ornare tortor at", 200077),
       (100041, "2011-07-30 05:52:46", "per inceptos hymenaeos. Mauris ut", 200068),
       (100039, "2013-12-29 02:28:27", "at pretium", 200068),
       (100009, "2012-06-20 11:20:20", "dolor sit", 200069),
       (100021, "2015-09-21 08:26:18", "tempor lorem, eget mollis lectus", 200022),
       (100031, "2014-12-11 11:04:32", "diam", 200027),
       (100041, "2017-04-11 20:57:54", "amet massa.", 200044),
       (100010, "2015-06-27 03:23:04", "nunc sit amet metus. Aliquam", 200013),
       (100050, "2019-04-04 23:34:03", "ac turpis", 200050),
       (100038, "2019-08-30 10:05:23", "Nam nulla magna,", 200002);
INSERT INTO `appointment` (`VAT_doctor`, `date_timestamp`, `description`, `VAT_client`)
VALUES (100036, "2014-03-26 22:30:10", "nec,", 200075),
       (100027, "2016-08-26 01:18:41", "rhoncus. Donec", 200056),
       (100034, "2013-05-09 02:21:57", "mauris", 200003),
       (100033, "2019-01-21 10:05:01", "dolor. Fusce feugiat.", 200074),
       (100022, "2017-07-07 06:59:21", "sed turpis nec", 200063),
       (100048, "2014-09-23 11:50:27", "dapibus ligula. Aliquam erat", 200039),
       (100045, "2014-08-26 13:30:19", "nisi nibh", 200079),
       (100040, "2011-11-04 17:29:12", "in consequat", 200050),
       (100038, "2016-12-26 21:03:02", "non, lobortis quis, pede. Suspendisse", 200002),
       (100009, "2014-03-19 09:22:31", "purus mauris a nunc. In", 200084);
INSERT INTO `appointment` (`VAT_doctor`, `date_timestamp`, `description`, `VAT_client`)
VALUES (100030, "2019-02-25 19:38:51", "amet, faucibus ut, nulla. Cras", 200088),
       (100048, "2015-04-18 13:12:41", "In nec orci.", 200073),
       (100026, "2019-08-04 19:31:36", "luctus et ultrices posuere", 200067),
       (100023, "2012-11-21 02:41:08", "rutrum. Fusce", 200061),
       (100034, "2019-02-18 11:55:16", "luctus et ultrices", 200034),
       (100039, "2016-09-10 18:11:55", "a feugiat tellus lorem", 200000),
       (100039, "2013-12-05 11:56:19", "Aenean euismod mauris", 200015),
       (100011, "2013-07-05 06:50:21", "venenatis lacus. Etiam bibendum fermentum", 200082),
       (100008, "2017-12-25 05:32:48", "nisl. Quisque", 200092),
       (100029, "2011-09-16 12:03:52", "sapien,", 200070);
INSERT INTO `appointment` (`VAT_doctor`, `date_timestamp`, `description`, `VAT_client`)
VALUES (100041, "2014-12-01 11:07:19", "et, euismod et, commodo at,", 200092),
       (100009, "2017-02-23 22:03:36", "blandit. Nam nulla", 200078),
       (100037, "2013-10-29 01:15:46", "Donec vitae erat vel", 200050),
       (100038, "2013-12-27 09:34:23", "tempus non, lacinia at, iaculis", 200062),
       (100002, "2015-07-27 08:04:03", "et,", 200000),
       (100040, "2012-02-24 13:51:46", "et magnis dis", 200090),
       (100020, "2011-11-03 11:59:20", "accumsan sed, facilisis", 200086),
       (100024, "2016-10-05 13:48:52", "et", 200019),
       (100024, "2011-03-25 10:10:11", "tincidunt tempus risus. Donec", 200020),
       (100002, "2011-05-24 16:42:41", "bibendum", 200083);
INSERT INTO `appointment` (`VAT_doctor`, `date_timestamp`, `description`, `VAT_client`)
VALUES (100001, "2011-01-17 15:15:31", "In faucibus.", 200001),
       (100020, "2015-12-09 21:59:19", "Sed eu", 200064),
       (100040, "2014-05-13 02:59:35", "at risus. Nunc ac sem", 200100),
       (100031, "2011-09-03 22:01:14", "Cum sociis natoque penatibus et", 200051),
       (100008, "2016-07-27 02:53:52", "eget, dictum placerat,", 200025),
       (100044, "2019-06-22 17:20:19", "tellus eu augue porttitor interdum.", 200004),
       (100031, "2011-10-29 08:32:18", "dis parturient", 200090),
       (100049, "2011-10-12 06:38:21", "at", 200080),
       (100043, "2015-02-11 19:46:14", "a,", 200027),
       (100030, "2014-04-08 17:58:00", "erat.", 200068);
INSERT INTO `appointment` (`VAT_doctor`, `date_timestamp`, `description`, `VAT_client`)
VALUES (100041, "2012-05-24 15:59:41", "quis accumsan", 200001),
       (100030, "2011-12-05 13:25:13", "a ultricies adipiscing,", 200085),
       (100043, "2015-08-26 18:39:04", "vel,", 200032),
       (100044, "2018-11-16 04:38:02", "mauris", 200014),
       (100038, "2011-06-14 12:30:31", "turpis egestas.", 200006),
       (100031, "2016-11-21 19:54:15", "placerat,", 200071),
       (100023, "2011-11-07 12:46:30", "pede.", 200059),
       (100001, "2018-05-05 11:02:36", "Nam porttitor scelerisque neque. Nullam", 200024),
       (100008, "2015-01-04 04:28:11", "senectus et netus et", 200022),
       (100008, "2014-11-30 10:17:43", "enim. Nunc ut erat.", 200017);
INSERT INTO `appointment` (`VAT_doctor`, `date_timestamp`, `description`, `VAT_client`)
VALUES (100039, "2012-11-19 19:54:06", "vitae risus.", 200090),
       (100015, "2017-06-26 10:55:25", "tortor, dictum eu, placerat", 200028),
       (100022, "2014-10-30 07:21:07", "viverra.", 200064),
       (100048, "2018-05-05 11:18:49", "dolor sit", 200058),
       (100030, "2014-06-15 13:39:32", "eget massa. Suspendisse eleifend.", 200017),
       (100010, "2012-04-19 15:55:32", "neque. Morbi quis urna.", 200076),
       (100048, "2017-07-02 06:58:57", "Pellentesque ultricies dignissim lacus. Aliquam", 200087),
       (100005, "2018-06-30 10:56:43", "erat volutpat. Nulla facilisis.", 200060),
       (100041, "2013-03-09 00:19:06", "aliquet. Proin velit. Sed malesuada", 200087),
       (100040, "2013-11-07 11:03:49", "egestas ligula. Nullam feugiat", 200087);
INSERT INTO `appointment` (`VAT_doctor`, `date_timestamp`, `description`, `VAT_client`)
VALUES (100022, "2019-11-01 22:34:22", "molestie arcu.", 200043),
       (100026, "2014-05-14 00:06:43", "scelerisque scelerisque", 200021),
       (100005, "2014-06-23 06:59:54", "sollicitudin adipiscing ligula. Aenean gravida", 200037),
       (100044, "2013-12-23 09:03:48", "pede.", 200030),
       (100031, "2016-03-06 02:30:48", "placerat. Cras dictum", 200079),
       (100009, "2019-03-19 15:36:19", "In tincidunt congue turpis.", 200012),
       (100031, "2018-07-06 04:18:20", "quam quis diam. Pellentesque habitant", 200060),
       (100018, "2012-02-13 22:44:36", "Phasellus at augue id", 200064),
       (100024, "2017-02-07 05:30:24", "aliquet magna", 200000),
       (100003, "2012-12-12 10:57:02", "nunc risus", 200094);
INSERT INTO `appointment` (`VAT_doctor`, `date_timestamp`, `description`, `VAT_client`)
VALUES (100013, "2017-04-07 16:04:02", "cursus non, egestas", 200001),
       (100001, "2018-06-07 03:50:06", "magna. Sed eu eros. Nam", 200069),
       (100050, "2018-12-08 20:51:24", "Nulla", 200053),
       (100013, "2012-07-29 07:03:13", "Quisque imperdiet,", 200065),
       (100029, "2010-12-27 21:09:14", "sollicitudin a,", 200012),
       (100004, "2018-01-22 03:08:30", "lacinia at,", 200077),
       (100022, "2013-06-28 00:41:45", "nisi.", 200021),
       (100041, "2010-10-21 17:28:55", "sollicitudin a,", 200026),
       (100005, "2019-10-12 05:50:56", "urna convallis erat, eget tincidunt", 200014),
       (100013, "2015-08-08 03:15:46", "mollis. Duis", 200099);
INSERT INTO `appointment` (`VAT_doctor`, `date_timestamp`, `description`, `VAT_client`)
VALUES (100000, "2015-07-26 14:56:47", "massa. Quisque porttitor", 200060),
       (100001, "2018-07-21 21:56:31", "et", 200007),
       (100001, "2013-05-27 01:17:22", "Fusce dolor quam, elementum at,", 200022),
       (100000, "2016-05-27 09:50:04", "vel quam", 200005),
       (100001, "2010-11-24 01:20:59", "nibh lacinia orci,", 200053),
       (100001, "2017-10-09 12:10:54", "fringilla ornare placerat,", 200080),
       (100000, "2011-11-13 05:04:47", "laoreet, libero et tristique pellentesque,", 200045),
       (100001, "2011-10-29 01:57:01", "Nulla eget", 200027),
       (100001, "2015-11-16 12:14:04", "non massa non ante", 200010),
       (100001, "2017-11-17 16:12:08", "dolor", 200086);
INSERT INTO `appointment` (`VAT_doctor`, `date_timestamp`, `description`, `VAT_client`)
VALUES (100001, "2015-12-26 21:47:01", "enim. Mauris quis turpis vitae", 200010),
       (100001, "2013-08-20 01:28:39", "ipsum", 200018),
       (100000, "2013-07-30 06:25:33", "Aliquam", 200068),
       (100000, "2016-12-08 00:21:24", "ipsum", 200042),
       (100000, "2016-09-27 15:09:45", "blandit enim consequat purus.", 200014),
       (100000, "2012-09-05 09:13:25", "ac sem ut dolor", 200057),
       (100000, "2017-10-29 04:59:29", "Cras dictum ultricies", 200051),
       (100000, "2011-08-28 13:37:43", "pellentesque a, facilisis non, bibendum", 200038),
       (100001, "2013-04-15 10:52:37", "nec", 200087),
       (100001, "2017-12-15 22:47:07", "luctus ut, pellentesque", 200062);
INSERT INTO `appointment` (`VAT_doctor`, `date_timestamp`, `description`, `VAT_client`)
VALUES (100000, "2017-07-15 00:15:15", "eu metus.", 200000),
       (100000, "2014-04-01 02:22:24", "diam. Pellentesque habitant morbi tristique", 200002),
       (100001, "2011-02-22 08:59:05", "sapien, gravida non,", 200005),
       (100000, "2015-05-19 12:39:32", "sit", 200031),
       (100000, "2019-03-09 17:47:12", "a, arcu. Sed et", 200068),
       (100000, "2016-04-15 03:55:42", "Nunc sed orci lobortis", 200013),
       (100000, "2011-03-17 10:40:24", "consectetuer", 200078),
       (100001, "2013-02-14 06:38:50", "id nunc interdum feugiat. Sed", 200046),
       (100000, "2013-07-14 11:06:28", "Mauris quis turpis vitae purus", 200032),
       (100000, "2014-10-11 02:53:02", "Phasellus dapibus quam", 200037);
INSERT INTO `appointment` (`VAT_doctor`, `date_timestamp`, `description`, `VAT_client`)
VALUES (100000, "2013-08-10 14:35:15", "dolor", 200003),
       (100000, "2015-02-11 07:58:02", "dapibus ligula. Aliquam erat volutpat.", 200010),
       (100000, "2019-07-30 16:39:10", "faucibus orci luctus", 200015),
       (100001, "2014-03-25 10:03:49", "at sem molestie sodales.", 200068),
       (100000, "2013-03-29 11:21:58", "sit amet massa. Quisque porttitor", 200088),
       (100001, "2018-08-07 09:32:55", "mollis non, cursus", 200067),
       (100000, "2018-05-29 18:24:58", "ullamcorper,", 200037),
       (100001, "2017-11-25 05:23:31", "quis, pede. Praesent eu", 200067),
       (100001, "2014-06-25 11:32:56", "Vivamus", 200074),
       (100001, "2017-02-16 06:01:13", "blandit enim consequat", 200098);
INSERT INTO `appointment` (`VAT_doctor`, `date_timestamp`, `description`, `VAT_client`)
VALUES (100001, "2014-06-23 00:32:12", "adipiscing elit. Curabitur sed tortor.", 200037),
       (100001, "2012-07-26 15:12:48", "magna nec quam. Curabitur vel", 200100),
       (100000, "2014-12-08 21:59:06", "sem ut dolor dapibus", 200056),
       (100001, "2018-05-30 07:02:19", "sit amet", 200053),
       (100000, "2012-12-16 13:49:35", "nec, diam. Duis mi enim,", 200052),
       (100000, "2017-09-13 12:43:53", "Integer sem elit, pharetra ut,", 200023),
       (100001, "2011-04-06 08:38:30", "auctor,", 200046),
       (100001, "2012-06-14 10:11:24", "vitae", 200049),
       (100001, "2016-03-11 23:24:29", "enim mi tempor lorem, eget", 200093),
       (100000, "2012-10-14 15:40:52", "mauris sagittis placerat. Cras", 200076);
INSERT INTO `appointment` (`VAT_doctor`, `date_timestamp`, `description`, `VAT_client`)
VALUES (100000, "2015-10-05 10:13:04", "Nunc sollicitudin", 200011),
       (100000, "2016-09-30 20:54:59", "Duis sit amet diam eu", 200068),
       (100000, "2015-07-13 12:51:11", "pede, ultrices a, auctor non,", 200071),
       (100000, "2012-10-03 21:40:19", "ipsum primis in", 200085),
       (100001, "2014-01-16 16:27:25", "non, vestibulum nec, euismod in,", 200022),
       (100001, "2013-07-08 03:37:45", "molestie tortor nibh sit amet", 200033),
       (100001, "2017-08-31 07:01:44", "enim non nisi.", 200034),
       (100000, "2012-06-19 17:32:52", "tempor lorem, eget", 200054),
       (100001, "2017-06-06 11:09:34", "aliquam eu, accumsan sed, facilisis", 200080),
       (100000, "2016-07-11 01:05:37", "felis. Donec tempor,", 200029);
INSERT INTO `appointment` (`VAT_doctor`, `date_timestamp`, `description`, `VAT_client`)
VALUES (100000, "2016-09-20 05:01:53", "malesuada id, erat. Etiam", 200038),
       (100001, "2010-10-16 06:14:17", "id,", 200001),
       (100001, "2014-02-22 17:02:03", "dictum. Phasellus", 200093),
       (100001, "2011-01-27 05:51:41", "sodales nisi magna sed dui.", 200069),
       (100000, "2016-05-26 17:54:32", "nulla at sem molestie", 200028),
       (100001, "2016-09-15 04:27:30", "Proin", 200078),
       (100001, "2018-11-17 06:39:14", "dolor egestas", 200048),
       (100000, "2013-11-01 08:21:35", "fringilla", 200037),
       (100001, "2018-01-10 18:51:48", "vulputate,", 200080),
       (100001, "2013-05-25 02:21:06", "nec urna suscipit", 200098);
INSERT INTO `appointment` (`VAT_doctor`, `date_timestamp`, `description`, `VAT_client`)
VALUES (100001, "2014-09-16 08:35:51", "sed consequat auctor, nunc", 200094),
       (100001, "2017-08-09 01:59:54", "sapien. Aenean massa. Integer", 200068),
       (100001, "2018-09-16 03:00:46", "ut aliquam iaculis, lacus", 200043),
       (100000, "2012-08-27 22:11:18", "aliquet nec, imperdiet nec, leo.", 200042),
       (100001, "2012-02-02 20:42:34", "Duis mi enim, condimentum", 200050),
       (100001, "2011-04-03 07:11:40", "mollis non, cursus non,", 200059),
       (100000, "2016-09-02 09:53:42", "ante dictum mi,", 200045),
       (100001, "2014-03-18 04:55:24", "Phasellus fermentum convallis ligula.", 200038),
       (100000, "2014-10-14 15:52:22", "libero. Integer", 200091),
       (100001, "2017-06-21 06:53:31", "egestas a,", 200067);
INSERT INTO `appointment` (`VAT_doctor`, `date_timestamp`, `description`, `VAT_client`)
VALUES (100000, "2012-08-23 16:59:32", "tempus mauris erat eget", 200071),
       (100000, "2015-10-29 14:14:57", "Aliquam nisl. Nulla eu neque", 200012),
       (100000, "2014-04-08 11:15:38", "ornare", 200066),
       (100000, "2015-12-22 15:50:47", "velit.", 200063),
       (100000, "2014-12-16 12:09:49", "ultrices", 200021),
       (100000, "2011-03-04 08:28:16", "morbi tristique senectus", 200056),
       (100000, "2014-08-25 18:44:25", "Donec tempus, lorem", 200053),
       (100000, "2013-11-28 14:26:18", "velit justo nec", 200094),
       (100001, "2015-07-17 17:38:38", "molestie pharetra", 200069),
       (100000, "2015-06-11 07:54:58", "non enim commodo", 200035);
INSERT INTO `appointment` (`VAT_doctor`, `date_timestamp`, `description`, `VAT_client`)
VALUES (100000, "2016-08-11 06:49:12", "malesuada vel, convallis in,", 200036),
       (100000, "2018-03-13 05:00:16", "tellus. Aenean egestas", 200092),
       (100000, "2017-02-01 10:07:53", "sagittis lobortis mauris. Suspendisse aliquet", 200001),
       (100000, "2018-07-28 18:19:42", "eget,", 200035),
       (100000, "2015-09-22 01:59:42", "feugiat non, lobortis quis, pede.", 200005),
       (100000, "2012-01-06 01:23:28", "malesuada fames ac turpis", 200012),
       (100001, "2016-11-07 23:50:03", "aliquet, metus urna convallis", 200077),
       (100000, "2019-08-30 21:59:55", "aliquam", 200100),
       (100001, "2018-01-14 06:59:25", "mi felis, adipiscing", 200022),
       (100000, "2015-04-25 19:19:51", "Proin", 200068);
INSERT INTO `appointment` (`VAT_doctor`, `date_timestamp`, `description`, `VAT_client`)
VALUES (100000, "2013-10-29 10:54:24", "erat semper", 200070),
       (100000, "2017-05-22 19:44:33", "Nam consequat dolor vitae", 200088),
       (100001, "2018-08-27 10:58:10", "eu enim.", 200042),
       (100001, "2013-09-13 14:52:13", "consequat, lectus sit amet luctus", 200013),
       (100001, "2015-01-28 01:42:54", "mollis non, cursus non,", 200027),
       (100001, "2011-06-22 03:05:35", "scelerisque neque sed sem egestas", 200084),
       (100000, "2017-07-07 00:46:53", "congue", 200038),
       (100001, "2014-01-07 21:04:10", "eu tellus", 200085),
       (100000, "2017-05-09 07:39:09", "eleifend egestas. Sed pharetra, felis", 200064),
       (100000, "2016-10-21 12:17:25", "Suspendisse dui. Fusce", 200064);
INSERT INTO `appointment` (`VAT_doctor`, `date_timestamp`, `description`, `VAT_client`)
VALUES (100000, "2014-01-25 01:21:48", "lorem lorem, luctus", 200083),
       (100000, "2016-05-22 06:18:37", "nibh. Aliquam ornare,", 200027),
       (100001, "2019-05-07 03:58:50", "libero at auctor ullamcorper, nisl", 200054),
       (100001, "2019-07-16 15:57:13", "pede sagittis augue, eu tempor", 200026),
       (100000, "2014-11-29 05:07:33", "vehicula aliquet libero. Integer in", 200024),
       (100001, "2015-04-04 19:11:17", "vitae, orci. Phasellus dapibus", 200025),
       (100001, "2013-07-18 21:54:52", "cursus", 200010),
       (100001, "2012-08-30 22:59:28", "diam eu dolor egestas", 200072),
       (100000, "2014-03-18 19:02:30", "laoreet ipsum. Curabitur consequat, lectus", 200036),
       (100001, "2013-10-16 05:47:05", "id, ante. Nunc mauris sapien,", 200062);
INSERT INTO `appointment` (`VAT_doctor`, `date_timestamp`, `description`, `VAT_client`)
VALUES (100001, "2014-07-23 15:42:22", "cursus", 200089),
       (100001, "2017-02-23 13:26:48", "odio sagittis", 200088),
       (100001, "2012-01-06 05:16:11", "eros.", 200009),
       (100001, "2011-09-22 07:28:34", "ipsum dolor sit amet, consectetuer", 200063),
       (100001, "2011-12-18 23:24:39", "turpis. Nulla", 200042),
       (100000, "2015-05-25 01:18:42", "dictum. Proin eget odio.", 200093),
       (100001, "2017-08-11 05:51:29", "nonummy ultricies", 200025),
       (100000, "2012-02-18 05:24:01", "id, ante. Nunc", 200030),
       (100000, "2013-07-10 21:58:56", "tellus. Suspendisse sed", 200100),
       (100001, "2019-01-24 17:13:31", "quis arcu vel quam dignissim", 200061);
INSERT INTO `appointment` (`VAT_doctor`, `date_timestamp`, `description`, `VAT_client`)
VALUES (100001, "2018-11-28 10:28:22", "magna. Lorem", 200069),
       (100001, "2017-05-02 09:25:03", "dictum cursus. Nunc mauris elit,", 200100),
       (100000, "2015-07-03 05:06:23", "Cras pellentesque. Sed", 200078),
       (100000, "2013-05-06 23:03:24", "laoreet lectus", 200031),
       (100001, "2011-08-22 08:01:06", "eu, euismod ac, fermentum", 200055),
       (100000, "2016-05-19 06:57:54", "pretium aliquet, metus urna convallis", 200034),
       (100001, "2014-08-02 17:35:39", "Nullam enim. Sed nulla ante,", 200095),
       (100001, "2013-07-06 23:27:28", "pede, ultrices", 200088),
       (100001, "2012-12-07 15:34:10", "aliquet, metus", 200020),
       (100001, "2015-07-21 16:35:58", "nunc est, mollis non, cursus", 200071);
INSERT INTO `appointment` (`VAT_doctor`, `date_timestamp`, `description`, `VAT_client`)
VALUES (100000, "2012-03-01 01:05:07", "sed dolor. Fusce mi lorem,", 200024),
       (100001, "2014-03-29 22:07:03", "Phasellus in felis.", 200094),
       (100001, "2011-10-24 13:53:04", "vitae mauris sit", 200032),
       (100000, "2013-07-26 02:41:37", "ante ipsum", 200061),
       (100001, "2014-02-12 13:59:02", "Aliquam", 200011),
       (100001, "2014-11-21 05:28:03", "vitae purus", 200009),
       (100000, "2018-06-15 06:53:33", "tellus faucibus leo,", 200069),
       (100001, "2013-12-25 09:36:38", "arcu.", 200092),
       (100001, "2014-08-10 07:45:15", "dolor.", 200075),
       (100001, "2014-02-04 14:45:15", "sem", 200064);
INSERT INTO `appointment` (`VAT_doctor`, `date_timestamp`, `description`, `VAT_client`)
VALUES (100000, "2014-03-22 01:23:06", "diam. Proin", 200071),
       (100001, "2014-08-18 11:06:54", "ornare.", 200066),
       (100000, "2018-01-02 03:51:20", "rutrum non,", 200074),
       (100001, "2014-05-28 12:05:48", "amet,", 200055),
       (100000, "2014-06-12 03:10:45", "consequat auctor, nunc nulla", 200062),
       (100000, "2015-12-12 20:06:28", "taciti sociosqu ad litora", 200027),
       (100000, "2011-04-20 21:00:02", "in aliquet", 200031),
       (100001, "2013-06-09 07:41:00", "ipsum ac mi eleifend", 200044),
       (100001, "2015-02-24 02:06:35", "neque. In ornare sagittis felis.", 200038),
       (100001, "2013-02-25 16:54:49", "et magnis dis parturient montes,", 200046);
INSERT INTO `appointment` (`VAT_doctor`, `date_timestamp`, `description`, `VAT_client`)
VALUES (100000, "2015-04-28 09:49:10", "fringilla, porttitor vulputate, posuere vulputate,", 200086),
       (100000, "2016-12-16 04:05:21", "tempus", 200094),
       (100001, "2018-03-16 11:25:10", "egestas blandit. Nam nulla magna,", 200010),
       (100001, "2014-11-06 10:55:58", "lorem ut", 200044),
       (100001, "2015-02-20 23:50:00", "diam. Pellentesque habitant morbi", 200051),
       (100000, "2018-09-08 22:56:34", "Proin nisl", 200087),
       (100001, "2013-04-24 01:44:56", "a, magna. Lorem", 200035),
       (100001, "2018-06-02 01:33:44", "egestas. Fusce aliquet magna a", 200100),
       (100000, "2013-07-18 08:35:48", "neque pellentesque massa", 200083),
       (100000, "2014-12-13 22:49:08", "egestas hendrerit", 200034);
INSERT INTO `appointment` (`VAT_doctor`, `date_timestamp`, `description`, `VAT_client`)
VALUES (100001, "2018-09-21 21:57:08", "rhoncus. Nullam velit", 200014),
       (100000, "2019-05-07 19:04:28", "non", 200071),
       (100000, "2016-10-15 17:40:32", "egestas lacinia.", 200052),
       (100000, "2012-12-19 07:24:42", "Cras eget", 200040),
       (100000, "2017-10-16 17:25:09", "Proin vel", 200021),
       (100000, "2015-06-27 17:52:25", "quam, elementum", 200078),
       (100000, "2016-04-21 10:31:34", "pede sagittis", 200068),
       (100001, "2017-11-04 23:55:12", "nec, eleifend non, dapibus rutrum,", 200012),
       (100000, "2017-03-20 03:35:32", "nec, cursus", 200004),
       (100000, "2017-02-15 04:05:14", "posuere cubilia Curae; Donec", 200054);
INSERT INTO `appointment` (`VAT_doctor`, `date_timestamp`, `description`, `VAT_client`)
VALUES (100001, "2014-04-29 02:31:05", "tellus", 200016),
       (100000, "2011-03-04 19:30:33", "consequat,", 200070),
       (100001, "2012-09-11 07:46:33", "imperdiet non, vestibulum", 200056),
       (100000, "2013-10-28 05:30:42", "nisl.", 200083),
       (100000, "2012-04-18 15:49:20", "interdum", 200053),
       (100000, "2011-07-02 11:09:14", "Vivamus non lorem", 200099),
       (100001, "2013-10-21 16:12:28", "Phasellus ornare. Fusce", 200085),
       (100000, "2017-09-01 09:09:48", "lacus. Quisque imperdiet, erat", 200063),
       (100001, "2017-01-07 19:45:24", "rutrum urna, nec luctus felis", 200004),
       (100000, "2015-09-28 05:32:15", "et magnis", 200045);
INSERT INTO `appointment` (`VAT_doctor`, `date_timestamp`, `description`, `VAT_client`)
VALUES (100000, "2011-09-13 03:33:38", "dui quis accumsan convallis,", 200085),
       (100000, "2013-03-10 07:00:02", "purus. Maecenas libero est, congue", 200070),
       (100001, "2011-12-03 01:52:04", "est arcu ac orci.", 200053),
       (100001, "2019-07-06 21:06:49", "cursus luctus, ipsum leo elementum", 200019),
       (100000, "2015-08-01 06:17:18", "Suspendisse aliquet molestie tellus.", 200014),
       (100000, "2013-11-13 14:33:43", "lobortis augue scelerisque", 200007),
       (100001, "2012-08-02 00:25:19", "Cras dictum ultricies ligula. Nullam", 200051),
       (100000, "2019-10-10 10:24:54", "Nunc", 200087),
       (100001, "2019-02-02 10:53:12", "sed", 200035),
       (100001, "2019-03-07 03:22:28", "aliquam, enim", 200055);
INSERT INTO `appointment` (`VAT_doctor`, `date_timestamp`, `description`, `VAT_client`)
VALUES (100000, "2012-10-11 06:18:54", "primis in faucibus orci", 200043),
       (100001, "2011-11-18 08:08:56", "Proin sed turpis", 200078),
       (100001, "2016-05-05 03:59:57", "magna", 200014),
       (100001, "2018-10-12 20:43:29", "quis, pede.", 200060),
       (100000, "2013-05-05 23:08:38", "purus. Maecenas libero est, congue", 200059),
       (100000, "2012-10-01 19:49:40", "commodo auctor velit.", 200032),
       (100001, "2014-10-26 08:41:05", "cursus. Nunc mauris elit,", 200001),
       (100001, "2016-02-08 15:16:41", "eu nibh", 200057),
       (100000, "2012-04-08 10:59:51", "semper et, lacinia vitae,", 200041),
       (100000, "2012-08-08 10:52:07", "ut nisi a", 200084);
INSERT INTO `appointment` (`VAT_doctor`, `date_timestamp`, `description`, `VAT_client`)
VALUES (100001, "2013-10-11 17:26:05", "ornare placerat, orci lacus vestibulum", 200058),
       (100000, "2016-02-20 10:38:19", "tortor nibh sit", 200002),
       (100001, "2012-01-15 02:38:50", "enim", 200001),
       (100001, "2019-09-19 04:08:45", "at, egestas a,", 200011),
       (100000, "2017-12-03 09:34:59", "Nullam", 200094),
       (100000, "2011-03-25 02:51:47", "vel, vulputate", 200019),
       (100000, "2013-02-19 03:46:20", "parturient", 200085),
       (100000, "2019-06-30 09:00:30", "facilisis,", 200081),
       (100001, "2016-09-26 11:02:05", "diam lorem, auctor quis, tristique", 200045),
       (100000, "2011-02-19 23:18:45", "aliquet", 200064);
INSERT INTO `appointment` (`VAT_doctor`, `date_timestamp`, `description`, `VAT_client`)
VALUES (100001, "2019-10-23 15:26:43", "magna. Ut", 200036),
       (100001, "2011-10-08 16:54:41", "eleifend egestas. Sed", 200088),
       (100001, "2012-06-25 12:35:04", "Suspendisse sed", 200084),
       (100001, "2017-01-06 00:20:17", "congue", 200046),
       (100001, "2019-03-10 14:24:35", "arcu. Vestibulum ut", 200003),
       (100000, "2011-08-03 19:41:48", "Fusce", 200000),
       (100000, "2017-01-30 14:31:25", "massa. Mauris vestibulum, neque", 200098),
       (100001, "2016-12-06 08:38:09", "risus. Nulla eget metus", 200075),
       (100001, "2017-11-04 13:07:41", "a, magna. Lorem", 200043),
       (100000, "2011-04-14 18:17:46", "luctus, ipsum leo elementum", 200045);
INSERT INTO `appointment` (`VAT_doctor`, `date_timestamp`, `description`, `VAT_client`)
VALUES (100000, "2016-12-03 11:45:58", "erat", 200074),
       (100000, "2018-08-10 00:55:41", "Duis risus odio, auctor vitae,", 200051),
       (100000, "2019-08-05 23:54:28", "arcu imperdiet ullamcorper. Duis", 200031),
       (100001, "2015-08-25 08:28:54", "Duis cursus, diam", 200031),
       (100000, "2012-03-03 23:09:48", "est,", 200060),
       (100000, "2016-08-06 21:58:02", "eu,", 200100),
       (100001, "2015-04-28 05:57:08", "viverra. Maecenas iaculis aliquet", 200095),
       (100000, "2012-06-17 13:36:25", "magna sed dui. Fusce", 200028),
       (100000, "2019-07-12 06:08:42", "orci lobortis augue", 200084),
       (100000, "2013-09-20 06:46:45", "tristique pellentesque, tellus sem mollis", 200027);
INSERT INTO `appointment` (`VAT_doctor`, `date_timestamp`, `description`, `VAT_client`)
VALUES (100000, "2013-12-23 04:17:45", "augue", 200009),
       (100001, "2014-01-22 15:22:22", "convallis dolor. Quisque tincidunt pede", 200045),
       (100000, "2018-05-18 05:19:18", "enim nisl", 200089),
       (100000, "2012-08-15 05:44:51", "mauris erat eget ipsum.", 200002),
       (100001, "2019-07-11 01:36:54", "mi. Aliquam gravida mauris ut", 200060),
       (100000, "2016-01-29 02:37:32", "ligula tortor, dictum", 200046),
       (100001, "2012-09-23 11:54:00", "morbi tristique senectus et", 200088),
       (100000, "2012-02-04 21:13:12", "magnis dis parturient montes, nascetur", 200040),
       (100000, "2018-04-17 17:36:21", "sociis natoque penatibus et magnis", 200005),
       (100001, "2016-04-17 03:28:38", "tristique", 200071);
INSERT INTO `appointment` (`VAT_doctor`, `date_timestamp`, `description`, `VAT_client`)
VALUES (100000, "2018-10-29 17:29:40", "pede, ultrices a, auctor", 200018),
       (100001, "2014-11-04 21:42:37", "a, enim. Suspendisse aliquet,", 200009),
       (100001, "2010-10-07 09:27:59", "tempor", 200061),
       (100001, "2017-10-10 18:36:15", "semper egestas, urna justo faucibus", 200029),
       (100000, "2013-09-14 15:33:23", "Proin non massa", 200000),
       (100000, "2016-01-15 21:38:42", "ac mattis semper,", 200082),
       (100000, "2013-05-28 19:13:47", "ornare, libero", 200091),
       (100001, "2017-08-23 17:34:22", "ultrices", 200064),
       (100001, "2012-01-25 01:49:14", "feugiat tellus lorem eu", 200015),
       (100001, "2012-03-07 02:30:47", "nulla. Cras eu tellus eu", 200037);
INSERT INTO `appointment` (`VAT_doctor`, `date_timestamp`, `description`, `VAT_client`)
VALUES (100001, "2015-03-04 14:48:50", "montes, nascetur ridiculus mus. Proin", 200062),
       (100000, "2016-09-26 09:14:39", "Phasellus vitae mauris sit", 200042),
       (100000, "2018-01-09 04:54:22", "In tincidunt congue turpis.", 200032),
       (100000, "2012-03-29 09:53:17", "ligula", 200026),
       (100000, "2017-08-20 08:51:47", "non sapien", 200045),
       (100000, "2012-06-08 14:30:25", "quis turpis vitae purus gravida", 200059),
       (100000, "2012-12-05 08:11:04", "vestibulum, neque sed dictum eleifend,", 200070),
       (100000, "2012-03-04 23:16:21", "Pellentesque tincidunt tempus", 200027),
       (100001, "2013-11-08 11:54:03", "imperdiet ornare.", 200053),
       (100001, "2018-12-08 01:42:27", "egestas.", 200087);
INSERT INTO `appointment` (`VAT_doctor`, `date_timestamp`, `description`, `VAT_client`)
VALUES (100001, "2015-02-15 23:22:02", "Donec tempor,", 200025),
       (100001, "2012-07-06 07:51:23", "sit amet ornare lectus", 200000),
       (100001, "2019-10-14 04:01:36", "sit amet massa. Quisque porttitor", 200057),
       (100001, "2012-05-19 01:18:26", "enim commodo", 200033),
       (100001, "2014-01-02 13:41:39", "et, rutrum", 200002),
       (100001, "2014-04-22 13:04:18", "urna et", 200064),
       (100000, "2012-10-23 06:38:58", "Etiam imperdiet dictum", 200006),
       (100000, "2015-06-19 00:19:07", "quis diam. Pellentesque", 200008),
       (100000, "2017-08-23 14:07:46", "dictum sapien. Aenean", 200092),
       (100001, "2017-03-21 11:39:24", "euismod", 200095);
INSERT INTO `appointment` (`VAT_doctor`, `date_timestamp`, `description`, `VAT_client`)
VALUES (100001, "2011-03-20 21:36:30", "est tempor bibendum.", 200092),
       (100000, "2018-01-29 20:00:24", "Maecenas iaculis", 200080),
       (100000, "2014-04-11 22:28:36", "lacus. Mauris non dui", 200051),
       (100000, "2011-01-09 14:19:22", "nulla. Cras eu tellus eu", 200082),
       (100001, "2011-03-22 11:36:55", "turpis.", 200059),
       (100000, "2012-02-08 09:28:49", "scelerisque sed,", 200016),
       (100000, "2012-07-15 03:11:30", "eleifend. Cras sed leo.", 200057),
       (100001, "2012-12-11 03:55:03", "facilisis facilisis, magna tellus", 200059),
       (100001, "2018-10-13 17:36:16", "et", 200076),
       (100000, "2016-03-24 02:41:50", "a", 200070);
INSERT INTO `appointment` (`VAT_doctor`, `date_timestamp`, `description`, `VAT_client`)
VALUES (100000, "2010-11-15 08:47:33", "Ut", 200004),
       (100000, "2013-09-14 15:27:25", "Fusce", 200000),
       (100001, "2016-08-17 12:20:24", "dui nec urna", 200029),
       (100000, "2013-09-20 02:21:08", "Aliquam", 200003),
       (100000, "2011-05-07 05:11:48", "facilisi. Sed neque.", 200026),
       (100001, "2018-10-01 17:36:21", "amet luctus vulputate, nisi", 200027),
       (100000, "2018-02-12 03:02:46", "non", 200080),
       (100001, "2016-05-15 03:04:30", "aliquet lobortis, nisi", 200035),
       (100000, "2012-02-29 21:44:13", "vehicula. Pellentesque tincidunt tempus", 200088),
       (100001, "2017-01-03 23:17:07", "Nullam suscipit, est", 200089);
INSERT INTO `appointment` (`VAT_doctor`, `date_timestamp`, `description`, `VAT_client`)
VALUES (100006, "2014-01-25 16:59:54", "pharetra ut, pharetra", 200032),
       (100006, "2011-04-02 02:34:01", "vel, convallis", 200095),
       (100005, "2011-03-30 23:31:09", "vehicula risus. Nulla eget", 200040),
       (100006, "2018-01-05 02:16:35", "ac risus. Morbi metus.", 200020),
       (100005, "2012-06-09 03:13:47", "Sed eget lacus. Mauris", 200075),
       (100006, "2016-07-14 06:37:41", "nisl sem,", 200086),
       (100005, "2013-06-26 12:18:44", "laoreet, libero et", 200071),
       (100005, "2012-08-22 22:26:04", "parturient", 200018),
       (100006, "2016-05-08 02:20:35", "eu tellus. Phasellus elit", 200087),
       (100005, "2017-11-16 17:28:48", "sapien imperdiet ornare. In faucibus.", 200089);
INSERT INTO `appointment` (`VAT_doctor`, `date_timestamp`, `description`, `VAT_client`)
VALUES (100005, "2014-03-27 03:37:34", "Donec est. Nunc ullamcorper, velit", 200051),
       (100006, "2011-01-19 12:29:50", "a,", 200067),
       (100005, "2015-03-10 06:21:33", "nec, malesuada ut, sem.", 200035),
       (100006, "2011-10-25 19:34:34", "nibh vulputate mauris sagittis", 200066),
       (100006, "2018-01-06 05:40:42", "et malesuada", 200086),
       (100006, "2013-03-12 17:17:09", "eu, ultrices sit", 200088),
       (100005, "2014-07-21 17:19:59", "est. Nunc", 200013),
       (100005, "2017-01-14 11:19:56", "tristique pellentesque, tellus", 200076),
       (100006, "2018-05-16 21:58:02", "nibh.", 200005),
       (100005, "2010-10-04 06:16:11", "sem", 200085);
INSERT INTO `appointment` (`VAT_doctor`, `date_timestamp`, `description`, `VAT_client`)
VALUES (100006, "2016-01-07 05:51:29", "ipsum. Suspendisse sagittis.", 200015),
       (100005, "2019-01-10 21:12:13", "elementum at,", 200003),
       (100006, "2016-07-18 14:42:57", "venenatis", 200074),
       (100005, "2016-09-03 20:26:48", "in consequat enim", 200063),
       (100006, "2018-12-26 18:06:10", "nibh.", 200063),
       (100006, "2019-09-23 06:14:50", "in molestie tortor", 200095),
       (100005, "2017-08-02 08:07:54", "primis", 200021),
       (100005, "2011-06-21 04:56:35", "vel,", 200024),
       (100006, "2016-08-18 11:46:37", "risus. Donec egestas. Duis", 200054),
       (100006, "2011-08-02 18:54:50", "Mauris nulla. Integer urna. Vivamus", 200054);
INSERT INTO `appointment` (`VAT_doctor`, `date_timestamp`, `description`, `VAT_client`)
VALUES (100005, "2018-03-14 14:24:17", "ut, sem.", 200026),
       (100006, "2019-10-06 10:38:38", "sit", 200081),
       (100006, "2017-08-04 10:44:26", "aliquet odio. Etiam ligula", 200060),
       (100005, "2019-05-22 21:00:12", "sed, hendrerit", 200027),
       (100005, "2018-04-19 11:53:11", "euismod est arcu ac", 200060),
       (100005, "2019-09-26 01:40:35", "arcu. Sed eu nibh vulputate", 200044),
       (100005, "2012-03-19 09:15:25", "vel, venenatis vel, faucibus id,", 200006),
       (100005, "2018-08-06 05:33:35", "suscipit nonummy. Fusce fermentum fermentum", 200055),
       (100006, "2019-10-19 14:13:46", "Quisque purus sapien, gravida", 200008),
       (100005, "2019-01-11 15:20:08", "nunc, ullamcorper eu, euismod", 200033);
INSERT INTO `appointment` (`VAT_doctor`, `date_timestamp`, `description`, `VAT_client`)
VALUES (100005, "2014-10-13 12:50:25", "cursus purus.", 200065),
       (100005, "2012-06-14 22:43:24", "Donec tempus, lorem fringilla ornare", 200008),
       (100006, "2011-06-07 21:12:19", "elementum sem, vitae", 200096),
       (100006, "2017-04-18 03:58:41", "lectus. Cum sociis natoque", 200080),
       (100006, "2019-06-07 17:06:12", "vulputate, posuere vulputate, lacus. Cras", 200055),
       (100006, "2019-01-27 21:34:53", "enim nisl elementum purus,", 200040),
       (100006, "2017-03-12 07:50:33", "feugiat non, lobortis quis, pede.", 200030),
       (100005, "2018-04-15 04:16:55", "Nunc sollicitudin commodo ipsum.", 200057),
       (100006, "2012-10-25 07:48:23", "vestibulum nec, euismod", 200035),
       (100005, "2013-10-21 09:44:47", "mauris, aliquam eu, accumsan sed,", 200079);
INSERT INTO `appointment` (`VAT_doctor`, `date_timestamp`, `description`, `VAT_client`)
VALUES (100006, "2011-08-23 16:13:55", "sociis natoque", 200008),
       (100005, "2013-09-30 16:03:02", "non, hendrerit id,", 200080),
       (100005, "2014-12-10 01:42:08", "primis in faucibus", 200060),
       (100006, "2016-01-06 15:54:07", "quis,", 200040),
       (100006, "2014-01-04 16:05:25", "mus.", 200034),
       (100006, "2019-09-18 10:48:48", "in felis.", 200028),
       (100005, "2015-07-30 09:41:50", "Suspendisse dui. Fusce", 200055),
       (100005, "2019-10-18 00:01:07", "urna, nec", 200024),
       (100006, "2011-09-30 08:10:37", "primis in faucibus", 200062),
       (100005, "2017-12-06 07:27:52", "quis, tristique", 200022);
INSERT INTO `appointment` (`VAT_doctor`, `date_timestamp`, `description`, `VAT_client`)
VALUES (100005, "2013-08-23 16:36:36", "Pellentesque habitant morbi", 200029),
       (100006, "2012-08-21 20:17:12", "Fusce", 200068),
       (100006, "2011-04-20 11:18:53", "luctus, ipsum leo elementum sem,", 200085),
       (100006, "2014-12-15 15:56:55", "nec, diam. Duis mi", 200044),
       (100005, "2012-01-28 18:19:12", "orci sem", 200095),
       (100005, "2011-10-05 09:25:25", "nostra, per", 200016),
       (100005, "2016-11-26 19:37:18", "sapien, gravida non, sollicitudin", 200004),
       (100005, "2015-11-24 00:41:36", "luctus. Curabitur egestas nunc sed", 200028),
       (100005, "2018-11-23 21:41:47", "ut aliquam iaculis,", 200078),
       (100006, "2018-04-01 12:27:13", "pede, nonummy ut, molestie", 200061);
INSERT INTO `appointment` (`VAT_doctor`, `date_timestamp`, `description`, `VAT_client`)
VALUES (100006, "2015-12-03 04:59:29", "elit", 200072),
       (100005, "2013-11-16 22:35:57", "elementum sem, vitae", 200071),
       (100005, "2012-11-27 17:27:31", "consectetuer rhoncus. Nullam velit", 200077),
       (100006, "2012-02-01 02:41:51", "euismod in,", 200043),
       (100006, "2014-02-10 13:48:54", "malesuada.", 200043),
       (100006, "2013-03-16 21:56:57", "laoreet, libero et tristique pellentesque,", 200024),
       (100006, "2017-04-17 16:38:13", "Maecenas iaculis aliquet diam.", 200070),
       (100006, "2017-07-08 01:13:07", "eu", 200013),
       (100005, "2017-06-25 05:55:07", "lectus convallis est, vitae sodales", 200098),
       (100006, "2019-01-16 21:12:23", "hendrerit. Donec", 200014);
INSERT INTO `appointment` (`VAT_doctor`, `date_timestamp`, `description`, `VAT_client`)
VALUES (100006, "2017-08-30 17:59:04", "eu, placerat eget, venenatis", 200023),
       (100005, "2010-10-15 21:26:03", "id, erat.", 200043),
       (100005, "2012-11-25 00:37:11", "mi. Duis risus", 200097),
       (100006, "2011-05-20 11:43:40", "lacinia mattis. Integer eu lacus.", 200040),
       (100006, "2018-05-03 00:19:49", "pretium aliquet, metus urna", 200052),
       (100006, "2017-11-27 17:54:57", "vulputate ullamcorper magna.", 200008),
       (100005, "2014-04-02 12:31:33", "cursus. Nunc", 200056),
       (100005, "2015-12-23 15:45:01", "arcu. Vivamus sit amet", 200075),
       (100006, "2015-11-11 15:44:18", "Nulla aliquet. Proin velit. Sed", 200047),
       (100006, "2011-10-11 19:31:06", "a, facilisis", 200044);
INSERT INTO `appointment` (`VAT_doctor`, `date_timestamp`, `description`, `VAT_client`)
VALUES (100005, "2011-10-02 13:55:31", "et, lacinia vitae, sodales at,", 200039),
       (100005, "2019-01-08 22:33:55", "in,", 200063),
       (100005, "2014-04-19 12:43:01", "amet luctus vulputate, nisi sem", 200075),
       (100005, "2014-11-27 09:59:33", "eleifend vitae, erat. Vivamus", 200008),
       (100005, "2015-05-03 06:25:54", "Curabitur massa.", 200045),
       (100006, "2014-07-09 21:50:09", "Etiam", 200068),
       (100005, "2016-11-08 01:26:49", "cursus. Nunc mauris", 200028),
       (100006, "2013-10-30 13:01:50", "tellus.", 200026),
       (100005, "2018-08-22 11:52:45", "molestie", 200027),
       (100005, "2017-10-05 21:49:47", "adipiscing", 200054);
INSERT INTO `appointment` (`VAT_doctor`, `date_timestamp`, `description`, `VAT_client`)
VALUES (100005, "2019-09-11 02:57:26", "libero. Proin sed turpis", 200098),
       (100006, "2012-06-08 11:56:30", "inceptos", 200014),
       (100005, "2011-10-06 19:29:08", "pellentesque eget, dictum placerat,", 200039),
       (100005, "2018-04-03 23:13:09", "condimentum. Donec", 200052),
       (100005, "2016-02-27 01:15:28", "non arcu.", 200003),
       (100005, "2013-02-21 08:31:23", "sagittis", 200078),
       (100005, "2011-12-28 17:07:14", "ut dolor dapibus gravida.", 200033),
       (100005, "2016-02-17 01:05:04", "magnis dis parturient montes, nascetur", 200042),
       (100005, "2011-02-11 12:10:06", "neque.", 200010),
       (100006, "2017-04-17 01:52:34", "per inceptos hymenaeos.", 200089);
INSERT INTO `appointment` (`VAT_doctor`, `date_timestamp`, `description`, `VAT_client`)
VALUES (100005, "2016-05-14 08:01:15", "malesuada vel, venenatis vel, faucibus", 200032),
       (100006, "2019-09-02 13:51:13", "aliquam", 200071),
       (100005, "2012-11-19 00:37:35", "Mauris", 200014),
       (100005, "2014-08-17 01:10:00", "at risus.", 200083),
       (100005, "2017-03-23 04:05:41", "mauris sit amet lorem", 200023),
       (100006, "2012-01-27 08:49:24", "eu augue porttitor interdum.", 200083),
       (100006, "2015-01-08 20:24:42", "at pede. Cras", 200027),
       (100005, "2018-02-16 21:06:27", "Nam ac nulla.", 200099),
       (100005, "2012-07-23 09:14:43", "Mauris ut quam", 200094),
       (100006, "2012-11-13 18:57:04", "neque sed dictum eleifend,", 200099);
INSERT INTO `appointment` (`VAT_doctor`, `date_timestamp`, `description`, `VAT_client`)
VALUES (100005, "2019-05-25 13:33:53", "Nullam lobortis quam a felis", 200030),
       (100005, "2015-12-30 07:11:52", "lorem eu metus. In", 200014),
       (100005, "2012-11-17 00:03:22", "vulputate velit eu sem. Pellentesque", 200049),
       (100005, "2017-12-25 18:36:44", "ipsum ac mi eleifend egestas.", 200081),
       (100005, "2012-11-23 14:17:30", "Cras", 200011),
       (100006, "2013-11-17 10:05:16", "mi. Aliquam gravida mauris", 200086),
       (100006, "2015-01-06 07:39:55", "Mauris ut quam vel", 200091),
       (100006, "2013-08-15 05:48:27", "condimentum. Donec", 200057),
       (100006, "2011-12-15 04:18:13", "neque. Nullam", 200007),
       (100006, "2018-03-02 08:46:55", "aliquam adipiscing", 200095);
INSERT INTO `appointment` (`VAT_doctor`, `date_timestamp`, `description`, `VAT_client`)
VALUES (100006, "2017-12-17 22:48:17", "purus.", 200005),
       (100005, "2014-06-09 15:07:01", "quam vel sapien imperdiet ornare.", 200085),
       (100005, "2013-12-29 05:16:03", "amet", 200072),
       (100005, "2016-01-27 04:42:30", "diam. Sed diam lorem,", 200004),
       (100006, "2015-07-11 05:02:50", "at", 200068),
       (100005, "2019-07-26 13:49:38", "dolor sit amet, consectetuer", 200071),
       (100006, "2018-05-22 03:13:49", "lectus pede,", 200066),
       (100006, "2019-06-23 00:03:45", "at", 200005),
       (100005, "2013-11-24 06:40:59", "dui. Cras pellentesque. Sed dictum.", 200096),
       (100006, "2015-11-28 19:09:28", "sapien. Cras", 200005);
INSERT INTO `appointment` (`VAT_doctor`, `date_timestamp`, `description`, `VAT_client`)
VALUES (100006, "2012-03-27 07:26:55", "sit amet", 200039),
       (100006, "2011-11-14 22:21:34", "nulla ante, iaculis", 200088),
       (100006, "2012-05-30 08:50:43", "Vivamus", 200093),
       (100006, "2016-06-25 12:58:59", "pretium aliquet,", 200002),
       (100006, "2017-05-17 20:55:35", "purus, accumsan interdum libero dui", 200094),
       (100006, "2019-01-10 10:41:14", "orci, adipiscing", 200085),
       (100006, "2018-03-26 15:00:12", "facilisis, magna", 200074),
       (100005, "2018-06-13 23:57:31", "ac, eleifend vitae, erat.", 200045),
       (100005, "2018-12-02 05:25:29", "in sodales elit erat vitae", 200026),
       (100005, "2018-12-26 06:24:46", "cursus vestibulum.", 200086);
INSERT INTO `appointment` (`VAT_doctor`, `date_timestamp`, `description`, `VAT_client`)
VALUES (100006, "2015-12-02 04:37:03", "nec, malesuada", 200031),
       (100005, "2011-05-18 07:50:08", "Sed eu nibh", 200060),
       (100006, "2018-03-08 06:26:33", "Nulla eu neque", 200045),
       (100005, "2013-06-22 01:02:14", "turpis. Nulla aliquet. Proin velit.", 200060),
       (100005, "2016-05-04 11:13:40", "neque venenatis lacus.", 200040),
       (100006, "2012-04-03 22:20:26", "consectetuer euismod est arcu ac", 200028),
       (100006, "2012-05-09 00:30:24", "cursus. Nunc", 200090),
       (100005, "2014-09-24 22:28:33", "ante, iaculis nec, eleifend non,", 200095),
       (100005, "2016-11-07 07:51:55", "Phasellus nulla.", 200048),
       (100005, "2018-11-04 07:12:45", "consectetuer adipiscing elit. Aliquam", 200086);
INSERT INTO `appointment` (`VAT_doctor`, `date_timestamp`, `description`, `VAT_client`)
VALUES (100006, "2014-03-14 18:05:53", "Quisque", 200013),
       (100006, "2014-07-13 20:13:27", "malesuada fames ac", 200017),
       (100005, "2014-05-06 05:11:29", "auctor. Mauris", 200019),
       (100005, "2011-06-27 01:41:58", "mollis non, cursus non,", 200081),
       (100005, "2015-02-28 07:53:08", "sed, sapien. Nunc pulvinar arcu", 200023),
       (100006, "2014-09-07 01:35:50", "Sed neque.", 200063),
       (100006, "2019-01-23 15:10:33", "mi", 200069),
       (100006, "2014-08-26 11:31:51", "eget metus. In", 200087),
       (100005, "2011-06-10 19:54:38", "est,", 200097),
       (100005, "2012-11-19 07:43:40", "ut eros", 200083);
INSERT INTO `appointment` (`VAT_doctor`, `date_timestamp`, `description`, `VAT_client`)
VALUES (100006, "2013-09-23 07:50:08", "egestas a, dui. Cras", 200057),
       (100006, "2018-08-15 04:19:57", "ultricies", 200083),
       (100005, "2010-10-30 10:54:16", "In condimentum.", 200097),
       (100005, "2014-01-30 14:07:38", "neque.", 200029),
       (100006, "2012-02-18 08:06:58", "rutrum. Fusce dolor quam,", 200076),
       (100005, "2013-12-03 06:51:18", "massa rutrum", 200008),
       (100005, "2014-04-18 14:40:17", "nec,", 200031),
       (100006, "2019-02-17 03:33:06", "Morbi", 200072),
       (100005, "2013-01-12 07:03:14", "purus,", 200082),
       (100005, "2018-11-13 02:37:42", "pede et risus. Quisque libero", 200023);
INSERT INTO `appointment` (`VAT_doctor`, `date_timestamp`, `description`, `VAT_client`)
VALUES (100006, "2014-12-07 15:50:09", "enim nec tempus scelerisque, lorem", 200091),
       (100005, "2018-10-16 04:32:44", "non arcu. Vivamus sit amet", 200008),
       (100005, "2015-06-18 01:47:00", "sollicitudin commodo ipsum.", 200050),
       (100006, "2017-06-20 17:41:52", "accumsan interdum libero dui", 200008),
       (100006, "2013-11-22 03:01:36", "vitae aliquam", 200029),
       (100005, "2011-10-25 09:13:33", "tristique pellentesque, tellus", 200082),
       (100006, "2016-03-12 04:13:08", "Donec tempor, est", 200006),
       (100006, "2013-12-30 09:13:18", "Phasellus fermentum convallis ligula.", 200037),
       (100006, "2011-10-07 16:00:38", "Curabitur dictum. Phasellus", 200010),
       (100005, "2016-12-21 19:06:41", "vel turpis.", 200064);
INSERT INTO `appointment` (`VAT_doctor`, `date_timestamp`, `description`, `VAT_client`)
VALUES (100006, "2012-03-13 12:46:05", "pede et risus. Quisque", 200079),
       (100006, "2014-09-17 22:48:25", "Ut sagittis lobortis mauris. Suspendisse", 200012),
       (100006, "2011-06-01 04:32:05", "sit", 200047),
       (100006, "2011-02-26 08:47:55", "nisl arcu iaculis enim,", 200081),
       (100006, "2016-03-21 20:04:27", "convallis dolor. Quisque tincidunt", 200092),
       (100006, "2012-10-04 03:01:22", "Proin nisl sem, consequat", 200072),
       (100005, "2014-06-30 16:54:54", "sit", 200009),
       (100005, "2016-06-14 05:32:59", "egestas.", 200025),
       (100005, "2018-07-22 09:41:55", "id, erat. Etiam", 200006),
       (100005, "2019-07-05 12:18:25", "volutpat. Nulla facilisis. Suspendisse commodo", 200068);
INSERT INTO `medication` (`name`, `lab`)
VALUES ('Ibuprofen', 'Rat & Tat'),
       ('Paracetamol', 'Bayer'),
       ('Thomapyrin', 'SANOFI'),
       ('Aspiryna', 'SANOFI'),
       ('Tabcin', 'Rat & Tat'),
       ('Tabcin', 'SANOFI'),
       ('Rutinoscorbin', 'SANOFI');
INSERT INTO `diagnostic_code` (`ID`, `description`)
VALUES ('1', 'gingivitis'),
       ('2', 'Drilled'),
       ('3', 'tamper-proof'),
       ('4', 'infectious disease'),
       ('5', 'dental cavities'),
       ('6', 'artificial');

INSERT INTO `consultation_diagnostic` (`VAT_doctor`, `date_timestamp`, `ID`)
VALUES ('100100', '2010-10-09 07:00:24', '1'),
       ('100100', '2010-10-09 07:00:24', '2'),
       ('100023', '2018-03-23 23:38:07', '2'),
       ('100002', '2018-04-16 05:18:05', '1'),
       ('100043', '2018-05-06 05:50:48', '2'),
       ('100002', '2019-06-12 06:42:06', '3'),
       ('100034', '2012-03-18 15:03:06', '3'),
       ('100100', '2017-02-28 15:04:06', '4'),
       ('100023', '2010-01-21 15:03:06', '5'),
       ('100001', '2019-03-23 15:05:06', '5'),
       ('100034', '2014-03-28 15:02:06', '4'),
       ('100043', '2019-07-31 16:18:17', '4'),
       ('100031', '2019-07-10 23:10:08', '2'),
       ('100047', '2019-09-06 01:03:44', '1'),
       ('100026', '2019-05-08 11:25:21', '5');
INSERT INTO consultation_assistant
VALUES ('100100', '2010-10-09 07:00:24', '100053'),
       ('100100', '2010-10-09 07:00:24', '100054'),
       ('100100', '2010-10-09 07:00:24', '100055'),
       ('100100', '2010-10-09 07:00:24', '100058'),
       ('100002', '2019-06-12 06:42:06', '100059'),
       ('100002', '2019-06-12 06:42:06', '100053'),
       ('100002', '2019-06-12 06:42:06', '100052'),
       ('100002', '2019-06-12 06:42:06', '100051'),
       ('100100', '2017-02-28 15:04:06', '100060'),
       ('100100', '2017-02-28 15:04:06', '100061'),
       ('100023', '2010-01-21 15:03:06', '100060'),
       ('100023', '2010-01-21 15:03:06', '100058'),
       ('100001', '2019-03-23 15:05:06', '100070'),
       ('100034', '2014-03-28 15:02:06', '100072');
INSERT INTO `prescription` (`name`, `lab`, `VAT_doctor`, `ID`, `date_timestamp`, `description`)
VALUES ('Ibuprofen', 'Rat & Tat', '100100', '1', '2010-10-09 07:00:24', 'Theeth drilled'),
       ('Ibuprofen', 'Rat & Tat', '100100', '2', '2010-10-09 07:00:24', 'Theeth drilled'),
       ('Ibuprofen', 'Rat & Tat', '100026', '5', '2019-05-08 11:25:21', 'Theeth drilled'),

       ('Paracetamol', 'Bayer', '100031', '2', '2019-07-10 23:10:08', 'Theeth drilled'),
       ('Ibuprofen', 'Rat & Tat', '100047', '1', '2019-09-06 01:03:44', 'Theeth drilled'),

       ('Paracetamol', 'Bayer', '100023', '2', '2018-03-23 23:38:07', 'Theeth drilled'),
       ('Paracetamol', 'Bayer', '100002', '1', '2018-04-16 05:18:05', 'Theeth drilled'),
       ('Thomapyrin', 'SANOFI', '100043', '2', '2018-05-06 05:50:48', 'Theeth drilled'),
       ('Thomapyrin', 'SANOFI', '100002', '3', '2019-06-12 06:42:06', 'Theeth tampered'),
       ('Tabcin', 'Rat & Tat', '100034', '3', '2012-03-18 15:03:06', 'Theeth tampered'),
       ('Tabcin', 'Rat & Tat', '100100', '4', '2017-02-28 15:04:06', 'Theeth whitened'),
       ('Tabcin', 'SANOFI', '100023', '5', '2010-01-21 15:03:06', 'Thooths endurance improved'),
       ('Tabcin', 'SANOFI', '100001', '5', '2019-03-23 15:05:06', 'Thooths endurance improved'),
       ('Tabcin', 'SANOFI', '100043', '4', '2019-07-31 16:18:17', 'Thooths endurance improved'),
       ('Rutinoscorbin', 'SANOFI', '100034', '4', '2014-03-28 15:02:06', 'Theeth whitened');
INSERT INTO `procedure_clinic`(`name`, `type`)
VALUES ('Tooth extraction', 'Default'),
       ('Tooth preparation', 'Default'),
       ('Tooth removal', 'Default'),
       ('Radiology', 'Default');
INSERT INTO `procedure_in_consultation`(`name`, `VAT_doctor`, `date_timestamp`, `description`)
VALUES ('Tooth extraction', '100100', '2010-10-09 07:00:24', 'Tooth destroyed'),
       ('Tooth extraction', '100023', '2018-03-23 23:38:07', 'Tooth drilled'),
       ('Tooth preparation', '100002', '2018-04-16 05:18:05', 'Tooth prepared'),
       ('Tooth extraction', '100031', '2019-07-10 23:10:08', 'Tooth removed'),
       ('Tooth preparation', '100043', '2018-05-06 05:50:48', 'Tooth prepared'),
       ('Tooth extraction', '100043', '2018-05-06 05:50:48', 'Tooth removed'),
       ('Tooth preparation', '100031', '2019-07-10 23:10:08', 'Tooth prepared'),
       ('Tooth extraction', '100023', '2010-01-21 15:03:06', 'Tooth removed'),
       ('Tooth preparation', '100044', '2018-09-03 04:35:53', 'Tooth prepared'),
       ('Tooth extraction', '100044', '2018-09-03 04:35:53', 'Tooth removed'),
       ('Tooth preparation', '100023', '2010-01-21 15:03:06', 'Tooth prepared'),
       ('Tooth preparation', '100047', '2019-09-06 01:03:44', 'Tooth prepared');
INSERT INTO teeth(quadrant, number, name)
VALUES (2, 1, 'Third Molar'),
       (1, 1, 'Third Molar'),
       (2, 2, 'Second Molar'),
       (1, 2, 'Second Molar'),
       (2, 3, 'First Molar'),
       (1, 3, 'First Molar'),
       (1, 4, 'Second Bicuspid'),
       (2, 4, 'Second Bicuspid'),
       (1, 5, 'First Bicuspid'),
       (2, 5, 'First Bicuspid'),
       (1, 6, 'Cuspid'),
       (2, 6, 'Cuspid'),
       (1, 7, 'Lateral Incisor'),
       (2, 7, 'Lateral Incisor'),
       (1, 8, 'Central Incisor'),
       (2, 8, 'Central Incisor');
INSERT INTO procedure_charting (name, VAT, date_timestamp, quadrant, number, description, measure)
VALUES ('Tooth extraction', '100100', '2010-10-09 07:00:24', 1, 1, 'extracted', 5),
       ('Tooth extraction', '100023', '2018-03-23 23:38:07', 2, 8, 'extracted', 4),
       ('Tooth preparation', '100043', '2018-05-06 05:50:48', 2, 6, 'extracted', 3),
       ('Tooth extraction', '100031', '2019-07-10 23:10:08', 1, 3, 'extracted', 1),
       ('Tooth preparation', '100031', '2019-07-10 23:10:08', 1, 1, 'extracted', 5);
